ukmoths,irecord
Micropterix tunbergella,Red-barred Gold
Micropterix mansuetella,Black-headed Gold
Micropterix aureatella,Yellow-barred Gold
Micropterix aruncella,White-barred Gold
Micropterix calthella,Plain Gold
Dyseriocrania subpurpurella,Common Oak Purple
Paracrania chrysolepidella,Small Hazel Purple
Eriocrania unimaculella,White-spot Purple
Eriocrania sparrmannella,Mottled Purple
Eriocrania salopiella,Small Birch Purple
Eriocrania cicatricella,Washed Purple
Eriocrania semipurpurella,Early Purple
Eriocrania sangii,Large Birch Purple
Orange Swift,Orange Swift
Common Swift,Common Swift
Map-winged Swift,Map-winged Swift
Gold Swift,Gold Swift
Ghost Moth,Ghost Moth
Enteucha acetosae,Sorrel Pigmy
Stigmella lapponica,Drab Birch Pigmy
Stigmella confusella,Pale Birch Pigmy
Stigmella tiliae,Lime Pigmy
Stigmella betulicola,Common Birch Pigmy
Stigmella sakhalinella,Small Birch Pigmy
Stigmella luteella,Short-barred Pigmy
Stigmella glutinosae,White-barred Alder Pigmy
Stigmella alnetella,Silver-barred Alder Pigmy
Stigmella microtheriella,Nut-tree Pigmy
Stigmella prunetorum,Scarce Sloe Pigmy
Stigmella aceris,Scarce Maple Pigmy
Apple Pygmy,Apple Pygmy
Stigmella catharticella,Buckthorn Pigmy
Rose Leaf Miner,Rose Leaf Miner
Stigmella spinosissimae,Plain Rose Pigmy
Stigmella centifoliella,Narrow-barred Pigmy
Stigmella ulmivora,Barred Elm Pigmy
Stigmella viscerella,Plain Elm Pigmy
Stigmella paradoxa,Scarce Thorn Pigmy
Stigmella torminalis,Hereford Pigmy
Stigmella regiella,Purple-shot Pigmy
Stigmella crataegella,Common Thorn Pigmy
Stigmella magdalenae,Northern Rowan Pigmy
Stigmella nylandriella,Common Rowan Pigmy
Stigmella oxyacanthella,Common Fruit-tree Pigmy
Stigmella pyri,Pear-tree Pigmy
Stigmella minusculella,Brown-tipped Pigmy
Stigmella desperatella,Scarce Apple Pigmy
Stigmella hybnerella,Greenish Thorn Pigmy
Stigmella mespilicola,Wild-service Pigmy
Stigmella floslactella,Coarse Hazel Pigmy
Stigmella carpinella,Hornbeam Pigmy
Stigmella tityrella,Small Beech Pigmy
Stigmella salicis,Sallow Pigmy
Stigmella myrtillella,Bilberry Pigmy
Stigmella zelleriella,Sandhill Pigmy
Stigmella obliquella,Willow Pigmy
Stigmella trimaculella,Black-poplar Pigmy
Stigmella assimilella,Aspen Pigmy
Stigmella sorbi,Barred Rowan Pigmy
Stigmella plagicolella,Scrubland Pigmy
Stigmella lemniscella,Red Elm Pigmy
Stigmella continuella,Double-barred Pigmy
Stigmella aurella,Golden Pigmy
Stigmella auromarginella,Gold-edged Pigmy
Stigmella splendidissimella,Glossy Bramble Pigmy
Stigmella pretiosa,Water-avens Pigmy
Stigmella aeneofasciella,Brassy Pigmy
Stigmella dryadella,Mountain-avens Pigmy
Stigmella poterii,Downland Pigmy
Stigmella filipendulae,Meadow-sweet Pigmy
Stigmella incognitella,Grey Apple Pigmy
Stigmella perpygmaeella,Least Thorn Pigmy
Stigmella hemargyrella,Beech Pigmy
Stigmella speciosa,Barred Sycamore Pigmy
Stigmella suberivora,Holm-oak Pigmy
Stigmella basiguttella,Base-spotted Pigmy
Stigmella svenssoni,Orange-headed Pigmy
Stigmella ruficapitella,Red-headed Pigmy
Stigmella atricapitella,Black-headed Pigmy
Stigmella samiatella,Chestnut Pigmy
Stigmella roborella,Common Oak Pigmy
Trifurcula headleyella,Self-heal Pigmy
Trifurcula cryptella,Wood Lotus Pigmy
Trifurcula eurema,Field Lotus Pigmy
Trifurcula subnitidella,Dingy Meadow Pigmy
Trifurcula immundella,Broom Pigmy
Trifurcula beirnei,Greenweed Pigmy
Trifurcula squamatella,Lost Broom Pigmy
Bohemannia pulverosella,Dusty Apple Pigmy
Bohemannia quadrimaculella,Four-spot Pigmy
Bohemannia auriciliella,Gold-fringed Pigmy
Ectoedemia sericopeza,Norway-maple Pigmy
Ectoedemia louisella,Maple-seed Pigmy
Ectoedemia decentella,Sycamore-seed Pigmy
Ectoedemia weaveri,Cowberry Pigmy
Ectoedemia septembrella,Hypericum Pigmy
Ectoedemia atrifrontella,Oak-bark Pigmy
Ectoedemia longicaudella,Ectoedemia longicaudella
Ectoedemia amani,Elm-bark Pigmy
Ectoedemia intimella,Black-spot Sallow Pigmy
Ectoedemia hannoverella,Ectoedemia hannoverella
Ectoedemia turbidella,Grey-poplar Pigmy
Ectoedemia argyropeza,Virgin Pigmy
Ectoedemia heckfordi,Heckford Pygmy Moth
Ectoedemia quinquella,Five-spot Pigmy
Ectoedemia heringella,Ectoedemia heringella
Ectoedemia albifasciella,White-banded Pigmy
Ectoedemia subbimaculella,Spotted Black Pigmy
Ectoedemia heringi,White-spot Pigmy
Ectoedemia erythrogenella,Coast Bramble Pigmy
Ectoedemia agrimoniae,Agrimony Pigmy
Ectoedemia angulifasciella,Bent-barred Pigmy
Ectoedemia atricollis,Pinch-barred Pigmy
Ectoedemia arcuatella,Strawberry Pigmy
Ectoedemia rubivora,Dewberry Pigmy
Ectoedemia spinosella,Blackthorn Pigmy
Ectoedemia occultella,Large Birch Pigmy
Ectoedemia minimella,Broken-barred Pigmy
Opostega salaciella,Sorrel Bent-wing
Opostega spatulella,Essex Bent-wing
Pseudopostega auritella,Fen Bent-wing
Pseudopostega crepusculella,Mint Bent-wing
Antispila metallella,Four-spot Lift
Antispila treitschkiella,Yellow-spot Lift
Heliozela sericiella,Oak Satin Lift
Heliozela resplendella,Alder Lift
Heliozela hammoniella,Birch Lift
Nemophora degeerella,Yellow-barred Long-horn
Nemophora metallica,Brassy Long-horn
Nemophora cupriacella,Coppery Long-horn
Nemophora fasciella,Horehound Long-horn
Nemophora minimella,Small Long-horn
Adela reaumurella,Green Long-horn
Adela cuprella,Early Long-horn
Adela croesella,Small Barred Long-horn
Cauchas fibulella,Little Long-horn
Cauchas rufimitrella,Meadow Long-horn
Nematopogon pilella,Pale Brown Long-horn
Nematopogon schwarziellus,Sandy Long-horn
Nematopogon magna,Scarce Long-horn
Nematopogon metaxella,Buff Long-horn
Nematopogon swammerdamella,Large Long-horn
Incurvaria pectinea,Pale Feathered Bright
Incurvaria masculella,Feathered Bright
Incurvaria oehlmanniella,Common Bright
Incurvaria praelatella,Strawberry Bright
Phylloporia bistrigella,Striped Bright
Currant Shoot Borer,Currant Shoot Borer
Lampronia luzella,Wood Bright
Raspberry Moth,Raspberry Moth
Lampronia morosa,Rose Bright
Lampronia flavimitrella,Bramble Bright
Lampronia fuscatella,Scarce Bright
Lampronia pubicornis,Northern Bright
Tischeria ekebladella,Oak Carl
Tischeria dodonaea,Small Carl
Coptotriche marginea,Bordered Carl
Coptotriche heinemanni,Kent Carl
Coptotriche gaunacella,Grey Carl
Coptotriche angusticollella,Rose Carl
Diplodoma laichartingella,Dotted-margin Smoke
Narycia duplicella,White-speckled Smoke
Dahlica triquetrella,Narrow Lichen Case-bearer
Lesser Lichen Case-bearer,Lesser Lichen Case-bearer
Lichen Case-bearer,Lichen Case-bearer
Taleporia tubulosa,Brown Smoke
Bankesia conspurcatella,Bankesia conspurcatella
Luffia lapidella,Grey Smoke
Luffia ferchaultella,Virgin Smoke
Bacotia claustrella,Shining Smoke
Proutia betulina,Birch Sweep
Psyche casta,Common Sweep
Psyche crassiorella,Scarce Grass Sweep
Epichnopterix plumella,Round-winged Sweep
Whittleia retiella,Netted Sweep
Acanthopsyche atra,Dusky Sweep
Pachythelia villosella,Black Sweep
Sterrhopterix fusca,Brown Sweep
Myrmecozela ochraceella,Wood-ant Clothes
Ateliotum insularis,Mediterranean Clothes
Tenaga nigripunctella,Black-spot Clothes
Eudarcia richardsoni,Dorset Tineid Moth
Infurcitinea captans,Infurcitinea captans
Infurcitinea albicomella,Torquay Clothes
Infurcitinea argentimaculella,Silver-barred Clothes
Ischnoscia borreonella,Small Clothes
Stenoptinea cyaneimarmorella,Barred Brown Clothes
Dryadaula pactolia,Cellar Clothes
Morophaga choragella,Large Clothes
Triaxomera fulvimitrella,Four-spotted Clothes
Triaxomera parasitella,Large Brindled Clothes
Archinemapogon yildizae,Large Scotch Clothes
Nemaxera betulinella,Gold-speckled Clothes
Corn Moth,Corn Moth
Cork Moth,Cork Moth
Nemapogon koenigi,Nemapogon koenigi
Nemapogon inconditella,Pale Devon Clothes
Nemapogon ruricolella,Gold-sheen Clothes
Nemapogon variatella,Pale Corn Clothes
Nemapogon clematella,Barred White Clothes
Nemapogon picarella,Pied Clothes Moth
Triaxomasia caprimulgella,Small Timber Clothes
Cephimallota crassiflavella,Simple Clothes
Tapestry Moth,Tapestry Moth
Trichophaga mormopis,Hide Clothes
Common Clothes Moth,Common Clothes Moth
Case-bearing Clothes Moth,Case-bearing Clothes Moth
Tinea murariella,Wall Clothes
Tinea translucens,Beaked Clothes
Tinea dubiella,Buff Clothes
Tinea flavescentella,Plain Clothes
Tinea lanella,Tapered Clothes
Large Pale Clothes Moth,Large Pale Clothes Moth
Tinea columbariella,Eaves Clothes
Tinea semifulvella,Fulvous Clothes
Tinea trinotella,Bird's-nest Moth
Tinea fictrix,Asian Clothes
Brown-dotted Clothes Moth,Brown-dotted Clothes Moth
Niditinea striolella,Brindled Clothes
Skin Moth,Skin Moth
Monopis weaverella,Carrion Moth
Monopis obviella,Yellow-backed Clothes
Monopis crocicapitella,Pale-backed Clothes
Monopis imella,Felt Clothes
Monopis monachella,White-blotched Clothes
Monopis fenestratella,Brown Timber Clothes
Ceratophaga haidarabadi,Indian Clothes
Ceratophaga orientalis,Oriental Clothes
Haplotinea ditella,Scarce Drab Clothes
Haplotinea insectella,Drab Clothes
Tropical Tobacco Moth,Tropical Tobacco Moth
Lindera tessellatella,Chequered Clothes
Opogona omoscopa,Opogona omoscopa
Opogona sacchari,Sugar-cane Moth
Opogona antistacta,Western Banana Moth
Yellow V Moth,Yellow V Moth
Psychoides verhuella,Hart's-tongue Smut
Psychoides filicivora,Fern Smut
Roeslerstammia pronubella,Yellow Ermel
Roeslerstammia erxlebella,Copper Ermel
Bucculatrix cristatella,Crested Bent-wing
Bucculatrix nigricomella,Daisy Bent-wing
Bucculatrix maritima,Saltern Bent-wing
Bucculatrix humiliella,Highland Bent-wing
Bucculatrix frangutella,Buckthorn Bent-wing
Bucculatrix albedinella,Elm Bent-wing
Bucculatrix cidarella,Alder Bent-wing
Bucculatrix thoracella,Lime Bent-wing
Bucculatrix ulmella,Oak Bent-wing
Bucculatrix ulmifoliae,Bucculatrix ulmifoliae
Bucculatrix bechsteinella,Hawthorn Bent-wing
Bucculatrix demaryella,Birch Bent-wing
Parectopa ononidis,Clover Slender
Caloptilia cuculipennella,Feathered Slender
Caloptilia populetorum,Clouded Slender
Caloptilia elongella,Pale Red Slender
Caloptilia betulicola,Red Birch Slender
Caloptilia rufipennella,Small Red Slender
Azalea Leaf Miner,Azalea Leaf Miner
Caloptilia alchimiella,Yellow-triangle Slender
Caloptilia robustella,New Oak Slender
Caloptilia stigmatella,White-triangle Slender
Caloptilia falconipennella,Scarce Alder Slender
Caloptilia semifascia,Maple Slender
Caloptilia hemidactylella,Sycamore Slender
Gracillaria syringella,Common Slender
Aspilapteryx tringipennella,Ribwort Slender
Euspilapteryx auroguttella,Gold-dot Slender
Calybites phasianipennella,Little Slender
Povolnya leucapennella,Sulphur Slender
Acrocercops brongniardella,Brown Oak Slender
Dialectica imperialella,Fen Slender
Dialectica scalariella,Dialectica scalariella
Leucospilapteryx omissella,Mugwort Slender
Callisto denticulella,Garden Apple Slender
Callisto coffeella,Highland Slender
Parornix loganella,Northern Slender
Parornix betulae,Brown Birch Slender
Parornix fagivora,Beech Slender
Parornix carpinella,Hornbeam Slender
Parornix anglicella,Hawthorn Slender
Parornix devoniella,Hazel Slender
Parornix scoticella,Rowan Slender
Parornix alpicola,Parornix alpicola
Parornix finitimella,Pointed Slender
Parornix torquillella,Blackthorn Slender
Phyllonorycter harrisella,White Oak Midget
Phyllonorycter roboris,Gold-bent Midget
Phyllonorycter heegeriella,Pale Oak Midget
Phyllonorycter tenerella,Hornbeam Midget
Phyllonorycter kuhlweiniella,Scarce Oak Midget
Phyllonorycter quercifoliella,Common Oak Midget
Phyllonorycter messaniella,Garden Midget
Phyllonorycter platani,London Midget
Phyllonorycter muelleriella,Western Midget
Phyllonorycter oxyacanthae,Common Thorn Midget
Phyllonorycter sorbi,Rowan Midget
Phyllonorycter mespilella,Scarce Brown Midget
Phyllonorycter blancardella,Brown Apple Midget
Phyllonorycter junoniella,Upland Midget
Phyllonorycter spinicolella,Sloe Midget
Phyllonorycter cerasicolella,Cherry Midget
Phyllonorycter lantanella,Viburnum Midget
Phyllonorycter corylifoliella,Hawthorn Midget
Firethorn Leaf Miner,Firethorn Leaf Miner
Phyllonorycter viminiella,Willow Midget
Phyllonorycter viminetorum,Osier Midget
Phyllonorycter salicicolella,Long-streak Midget
Phyllonorycter dubitella,Southern Midget
Phyllonorycter hilarella,Sallow Midget
Phyllonorycter cavella,Gold Birch Midget
Phyllonorycter ulicicolella,Gorse Midget
Phyllonorycter scopariella,Broom Midget
Phyllonorycter staintoniella,Cornish Midget
Phyllonorycter maestingella,Beech Midget
Nut Leaf Blister Moth,Nut Leaf Blister Moth
Phyllonorycter esperella,Dark Hornbeam Midget
Phyllonorycter strigulatella,Grey-alder Midget
Phyllonorycter rajella,Common Alder Midget
Phyllonorycter distentella,Scarce Midget
Phyllonorycter anderidae,Small Birch Midget
Phyllonorycter quinqueguttella,Sandhill Midget
Phyllonorycter nigrescentella,Vetch Midget
Phyllonorycter insignitella,Clover Midget
Phyllonorycter lautella,Fiery Oak Midget
Phyllonorycter schreberella,Small Elm Midget
Phyllonorycter ulmifoliella,Red Birch Midget
Phyllonorycter emberizaepenella,Large Midget
Phyllonorycter scabiosella,Surrey Midget
Phyllonorycter tristrigella,Elm Midget
Phyllonorycter stettinensis,Small Alder Midget
Phyllonorycter froelichiella,Broad-barred Midget
Phyllonorycter nicellii,Red Hazel Midget
Phyllonorycter klemannella,Dark Alder Midget
Phyllonorycter trifasciella,Honeysuckle Midget
Phyllonorycter acerifoliella,Maple Midget
Phyllonorycter joannisi,White-bodied Midget
Phyllonorycter geniculella,Sycamore Midget
Phyllonorycter comparella,Winter Poplar Midget
Phyllonorycter sagitella,Scarce Aspen Midget
Horse Chestnut Leaf-miner,Horse-Chestnut Leaf-miner
Phyllocnistis saligna,Willow Bent-wing
Phyllocnistis ramulicola,Phyllocnistis ramulicola
Phyllocnistis unipunctella,Poplar Bent-wing
Phyllocnistis xenia,Kent Bent-wing
Bird-cherry Ermine,Bird-cherry Ermine
Orchard Ermine,Orchard Ermine
Apple Ermine,Apple Ermine
Spindle Ermine,Spindle Ermine
Willow Ermine,Willow Ermine
Yponomeuta irrorella,Scarce Ermine
Yponomeuta plumbella,Black-tipped Ermine
Yponomeuta sedella,Grey Ermine
Euhyponomeuta stannella,Orpine Ermel
Zelleria hepariella,Brown Ash Ermel
Zelleria oleastrella,Zelleria oleastrella
Kessleria saxifragae,Highland Ermel
Kessleria fasciapennella,Lost Ermel
Pseudoswammerdamia combinella,Copper-tipped Ermel
Swammerdamia caesiella,Birch Ermel
Swammerdamia passerella,Scotch Ermel
Swammerdamia pyrella,Little Ermel
Swammerdamia compunctella,Rowan Ermel
Paraswammerdamia albicapitella,White-headed Ermel
Paraswammerdamia nebulella,Hawthorn Ermel
Cedestis gysseleniella,Gold Pine Ermel
Cedestis subfasciella,Brown Pine Ermel
Ocnerostoma piniariella,White Pine Ermel
Ocnerostoma friesei,Grey Pine Ermel
Ypsolopha mucronella,Spindle Smudge
Ypsolopha nemorella,Hooked Smudge
Honeysuckle Moth,Honeysuckle Moth
Ypsolopha asperella,Scarce Smudge
Ypsolopha scabrella,Wainscot Smudge
Ypsolopha horridella,Dark Smudge
Ypsolopha lucella,Plain Smudge
Ypsolopha alpella,Barred Smudge
Ypsolopha sylvella,Wood Smudge
Ypsolopha parenthesella,White-shouldered Smudge
Ypsolopha ustella,Variable Smudge
Ypsolopha sequella,Pied Smudge
Ypsolopha vittella,Elm Smudge
Ochsenheimeria taurella,Feathered Stem-moth
Ochsenheimeria urella,Variable Stem-moth
Ochsenheimeria vacculella,Cereal Stem Moth
Diamond-back Moth,Diamond-back Moth
Plutella haasi,Arctic Smudge
Plutella porrectella,Grey-streaked Smudge
Rhigognostis senilella,Rock-cress Smudge
Rhigognostis annulatella,Coast Smudge
Rhigognostis incarnatella,Scotch Smudge
Eidophasia messingiella,Bitter-cress Smudge
Orthotelia sparganella,Reed Smudge
Glyphipterix thrasonella,Speckled Fanner
Glyphipterix fuscoviridella,Plain Fanner
Glyphipterix equitella,Stonecrop Fanner
Glyphipterix haworthana,Cotton-grass Fanner
Glyphipterix forsterella,Sedge Fanner
Cocksfoot Moth,Cocksfoot Moth
Glyphipterix schoenicolella,Bog-rush Fanner
Digitivalva perlepidella,Spikenard Smudge
Digitivalva pulicariae,Fleabane Smudge
Leek Moth,Leek Moth
Acrolepiopsis betulella,Oban Smudge
Acrolepiopsis marcidella,Elusive Smudge
Acrolepia autumnitella,Bittersweet Smudge
Argyresthia laevigatella,Larch-boring Argent
Argyresthia glabratella,Spruce Argent
Argyresthia praecocella,Ochreous Argent
Argyresthia arceuthina,Bronze Argent
Argyresthia trifasciata,Triple-barred Argent
Argyresthia dilectella,Juniper Argent
Argyresthia cupressella,Cypress Tip Moth
Argyresthia abdominalis,Downland Argent
Argyresthia aurulentella,Gold Juniper Argent
Argyresthia ivella,Gold-four Argent
Argyresthia brockeella,Gold-ribbon Argent
Argyresthia goedartella,Golden Argent
Argyresthia pygmaeella,Sallow Argent
Argyresthia sorbiella,Gold Rowan Argent
Argyresthia curvella,Brindled Argent
Argyresthia retinella,Netted Argent
Argyresthia glaucinella,Oak-bark Argent
Argyresthia spinosella,Blackthorn Argent
Apple Fruit Moth,Apple Fruit Moth
Argyresthia semifusca,Brown Rowan Argent
Cherry Fruit Moth,Cherry Fruit Moth
Argyresthia bonnetella,Hawthorn Argent
Argyresthia albistria,Purple Argent
Argyresthia semitestacella,Large Beech Argent
Apple Leaf Miner,Apple Leaf Miner
Lyonetia prunifoliella,Striped Bent-wing
Leucoptera lotella,Little Bent-wing
Laburnum Leaf Miner,Laburnum Leaf Miner
Leucoptera spartifoliella,Broom Bent-wing
Leucoptera lathyrifoliella,Southern Bent-wing
Pear Leaf Blister Moth,Pear Leaf Blister Moth
Leucoptera sinuella,Scotch Bent-wing
Atemelia torquatella,Northern Ermel
Ash Bud Moth,Ash Bud Moth
Dark Ash Bud Moth,Prays ruficeps
Prays oleae,Olive Kernel Borer
Prays citri,Citrus Ermel
Prays peregrina,Prays peregrina
Heliodines roesella,Roesel's Signal
Bedellia somnulentella,Bindweed Bent-wing
Hawthorn Moth,Hawthorn Moth
Tinagma ocnerostomella,Bugloss Spear-wing
Tinagma balteolella,Scarce Spear-wing
Oegoconia quadripuncta,Four-spotted Obscure
Oegoconia caradjai,Straw Obscure
Oegoconia deauratella,Scarce Obscure
Symmoca signatella,Dockland Obscure
Bisigna procerella,Kent Tubic
Schiffermuelleria grandis,Silver-streaked Tubic
Denisia similella,Northern Tubic
Denisia albimaculea,Pied Tubic
Denisia augustella,Surrey Tubic
Denisia subaquilea,Heath Tubic
Metalampra italica,Metalampra italica
White-shouldered House-moth,White-shouldered House-moth
Brown House-moth,Brown House-moth
Borkhausenia minutella,Thatch Tubic
Borkhausenia fuscescens,Small Dingy Tubic
Crassa tinctella,Tinted Tubic
Crassa unitella,Golden-brown Tubic
Batia lunaris,Lesser Tawny Tubic
Batia internella,New Tawny Tubic
Batia lambdella,Greater Tawny Tubic
Epicallima formosella,Beautiful Tubic
Esperia sulphurella,Sulphur Tubic
Dasycera oliviella,Scarce Forest Tubic
Oecophora bractella,Gold-base Tubic
Alabonia geoffrella,Common Tubic
Harpella forficella,Harpella forficella
Tachystola acroxantha,Ruddy Streak
Pleurota bicostella,Light Streak
Pleurota aristella,Southern Streak
Aplota palpellus,Scarce Brown Streak
Barea asbolaea,Chequered Moth
Diurnea fagella,March Tubic
Diurnea lipsiella,November Tubic
Dasystoma salicella,Spring Tubic
Agnoea flavifrontella,Yellow-headed Tubic
Agnoea subochreella,Straw-coloured Tubic
Agnoea josephinae,Orange-headed Tubic
Amphisbatis incongruella,Ling Tubic
Carcina quercana,Long-horned Flat-body
Semioscopis avellanella,Early Flat-body
Semioscopis steinkellneriana,Dawn Flat-body
Luquetia lobella,Sloe Flat-body
Levipalpus hepatariella,Mountain Flat-body
Exaeretia ciniflonella,Scotch Flat-body
Exaeretia allisella,Mugwort Flat-body
Agonopterix ocellana,Red-letter Flat-body
Agonopterix liturosa,Large Purple Flat-body
Agonopterix purpurea,Small Purple Flat-body
Agonopterix conterminella,Sallow Flat-body
Agonopterix scopariella,Broom Flat-body
Agonopterix atomella,Greenweed Flat-body Moth
Agonopterix carduella,Thistle Flat-body
Agonopterix kuznetzovi,Cornish Flat-body
Agonopterix subpropinquella,Ruddy Flat-body
Agonopterix propinquella,Black-spot Flat-body
Agonopterix arenella,Brindled Flat-body
Agonopterix heracliana,Common Flat-body
Agonopterix ciliella,Large Carrot Flat-body
Agonopterix curvipunctosa,Powdered Flat-body
Agonopterix putridella,Estuarine Flat-body
Agonopterix capreolella,Fuscous Flat-body Moth
Agonopterix rotundella,Rolling Carrot Flat-body
Agonopterix assimilella,Dusted Flat-body
Agonopterix nanatella,Carline Flat-body
Agonopterix kaekeritziana,Straw Flat-body
Agonopterix bipunctosa,Twin-spot Flat-body
Agonopterix pallorella,Pale Flat-body
Agonopterix umbellana,Gorse Flat-body
Agonopterix nervosa,Dark-fringed Flat-body
Agonopterix alstromeriana,Brown-spot Flat-body
Agonopterix angelicella,Angelica Flat-body
Agonopterix astrantiae,Sanicle Flat-body
Agonopterix cnicella,Sea-holly Flat-body
Agonopterix yeatiana,Coastal Flat-body
Parsnip Moth,Parsnip Moth
Depressaria pimpinellae,Pimpinel Flat-body
Depressaria badiella,Brown Flat-body
Depressaria daucella,Dingy Flat-body
Depressaria ultimella,Fen Flat-body
Depressaria silesiaca,Highland Flat-body
Depressaria pulcherrimella,Pignut Flat-body
Depressaria sordidatella,Chervil Flat-body
Depressaria douglasella,Carrot Flat-body
Depressaria albipunctella,White-spot Flat-body
Depressaria olerella,Yarrow Flat-body
Depressaria chaerophylli,Streaked Flat-body
Depressaria depressana,Lost Flat-body
Depressaria discipunctella,Scarce Flat-body
Telechrysis tripuncta,Treble-spot Tubic
Hypercallia citrinalis,Lemon Flat-body
Ethmia dodecea,Dotted Ermel
Ethmia quadrillella,Comfrey Ermel
Ethmia pusiella,Striped Ermel
Ethmia terminella,Ethmia terminella
Ethmia pyrausta,Mountain Ermel
Ethmia bipunctella,Ethmia bipunctella
Pancalia leuwenhoekella,Violet Cosmet
Pancalia schwarzella,Scarce Violet Cosmet
Euclemensia woodiella,Yellow-blotch Cosmet
Limnaecia phragmitella,Bulrush Cosmet
Cosmopterix zieglerella,Hedge Cosmet
Cosmopterix schmidiella,Vivid Cosmet
Cosmopterix orichalcea,Marsh Cosmet
Cosmopterix scribaiella,New Marsh Cosmet
Cosmopterix pulchrimella,Cosmopterix pulchrimella
Cosmopterix lienigiella,Fen Cosmet
Pyroderces argyrogrammos,Pyroderces argyrogrammos
Anatrachyntis badia,Anatrachyntis badia
Anatrachyntis simplex,Anatrachyntis simplex
Sorhagenia rhamniella,August Cosmet
Sorhagenia lophyrella,Buckthorn Cosmet
Sorhagenia janiszewskae,Wood Cosmet
Syncopacma sangiella,Brown Sober
Syncopacma cinctella,White-streak Sober
Syncopacma larseniella,White-strap Sober
Syncopacma taeniolella,Silver-barred Sober
Syncopacma albifrontella,Syncopacma albifrontella
Syncopacma vinella,Brighton Sober
Syncopacma albipalpella,Slate Sober
Syncopacma suecicella,Western Sober
Syncopacma polychromella,African Sober
Aproaerema anthyllidella,Vetch Sober
Anacampsis populella,Poplar Sober
Anacampsis blattariella,Birch Sober
Anacampsis temerella,Black Sober
Mesophleps silacella,Straw Crest
Nothris verbascella,Clay Groundling
Nothris congressariella,Cornish Groundling
Neofaculta ericetella,Heather Groundling
Hypatima rhomboidella,Square-spot Crest
Peach Twig Borer,Peach Twig Borer
Anarsia innoxiella,Anarsia innoxiella
Anarsia spartiella,Small Crest
Dichomeris juniperella,Scotch Crest
Juniper Webber,Juniper Webber
Dichomeris ustalella,Worcester Crest
Dichomeris derasella,Blackthorn Crest
Dichomeris alacella,Lichen Sober
Acompsia cinerella,Ash-coloured Sober
Acompsia schmidtiellus,Marjoram Crest
Brachmia blandella,Gorse Crest
Brachmia inornatella,Fen Crest
Helcystogramma lutatella,Clay Crest
Helcystogramma rufescens,Orange Crest
Hollyhock Seed Moth,Hollyhock Seed Moth
Platyedra subcinerea,Mallow Groundling
Angoumois Grain Moth,Angoumois Grain Moth
Chrysoesthia drurella,Flame Neb
Chrysoesthia sexguttella,Six-spot Neb
Thiotricha subocellea,Eyelet Sober
Bryotropha domestica,House Groundling
Bryotropha politella,Polished Groundling
Bryotropha terrella,Cinerous Groundling
Bryotropha desertella,Desert Groundling
Bryotropha boreella,Mountain Groundling
Bryotropha galbanella,Perth Groundling
Bryotropha dryadella,Western Groundling
Bryotropha basaltinella,Thatch Groundling
Bryotropha senectella,Dull Red Groundling
Bryotropha affinis,Dark Groundling
Bryotropha umbrosella,Dorset Groundling
Bryotropha similis,Obscure Groundling
Aristotelia ericinella,Heather Neb
Aristotelia subdecurtella,Brown Fen Neb
Aristotelia brizella,Thrift Neb
Isophrictis striatella,White-border Neb
Metzneria neuropterella,Brown-veined Neb
Metzneria aestivella,Carline Neb
Metzneria lappella,Burdock Neb
Metzneria littorella,Isle of Wight Neb
Metzneria metzneriella,Meadow Neb
Metzneria aprilella,Brilliant Neb
Apodia bifractella,Dark Fleabane Neb
Ptocheuusa paupella,Light Fleabane Neb
Psamathocrita osseella,Grey Neb
Psamathocrita argentella,Silvery Neb
Argolamprotes micella,Bright Neb
Monochroa cytisella,Bracken Neb
Monochroa tenebrella,Common Plain Neb
Monochroa conspersella,Dingy Neb
Monochroa tetragonella,Saltern Neb
Monochroa elongella,Pembroke Neb
Monochroa lutulentella,Black Neb
Monochroa lucidella,Buff-marked Neb
Monochroa divisella,Scarce Marsh Neb
Monochroa palustrellus,Wainscot Neb
Monochroa moyses,Coast Neb
Monochroa arundinetella,Sedge Neb
Monochroa suffusella,Notch-wing Neb
Monochroa hornigi,Knotweed Neb
Monochroa niphognatha,Kentish Neb
Eulamprotes wilkella,Painted Neb
Eulamprotes unicolorella,Unmarked Neb
Eulamprotes atrella,Two-spotted Neb
Eulamprotes immaculatella,Twilight Neb
Xystophora pulveratella,Northern Neb
Cotoneaster Webworm,Cotoneaster Webworm
Athrips mouffetella,Dotted Grey Groundling
Athrips tetrapunctella,Northern Groundling
Neofriseria peliella,White-spot Groundling
Neofriseria singula,Mottled Groundling
Prolita sexpunctella,Six-spot Groundling
Prolita solutella,Buff Groundling
Sophronia semicostella,White-shouldered Sober
Mirificarma lentiginosella,Greenweed Groundling
Mirificarma mulinella,Gorse Groundling
Aroga velocella,Dusky Groundling
Chionodes distinctella,Eastern Groundling
Chionodes fumatella,Downland Groundling
Gelechia rhombella,Apple Groundling
Gelechia scotinella,Thicket Groundling
Gelechia senticetella,Cypress Groundling
Gelechia sabinellus,Juniper Groundling
Gelechia sororculella,Dark-striped Groundling
Gelechia muscosella,Grey Sallow Groundling
Gelechia cuneatella,Long-winged Groundling
Gelechia hippophaella,Seathorn Groundling
Gelechia nigra,Black Groundling
Gelechia turpella,Grand Groundling
Psoricoptera gibbosella,Humped Crest
Gnorimoschema streliciella,Inverness Groundling
Scrobipalpa acuminatella,Pointed Groundling
Scrobipalpa pauperella,Cambridge Groundling
Scrobipalpa murinella,Rock Groundling
Scrobipalpa suaedella,Sea-blite Groundling
Scrobipalpa instabilella,Saltern Groundling
Scrobipalpa nitentella,Common Sea Groundling
Scrobipalpa obsoletella,Summer Groundling
Scrobipalpa atriplicella,Goosefoot Groundling
Beet Moth,Beet Moth
Scrobipalpa samadensis,Buck's-horn Groundling
Thyme Moth,Thyme Moth
Scrobipalpa stangei,Scrobipalpa stangei
Scrobipalpa clintoni,Atlantic Groundling
Scrobipalpa costella,Winter Groundling
Scrobipalpula diffluella,Essex Groundling
Scrobipalpula tussilaginis,Colt's-foot Groundling
Potato Tuber Moth,Potato Tuber Moth
Tuta absoluta,South American Tomato Moth
Caryocolum alsinella,Narrow Groundling
Caryocolum viscariella,Campion Groundling
Caryocolum vicinella,Coast Groundling
Caryocolum marmorea,Beautiful Groundling
Caryocolum fraternella,Mouse-ear Groundling
Caryocolum blandella,Short-barred Groundling
Caryocolum blandelloides,Black Isle Groundling
Caryocolum proxima,Meadow Groundling
Caryocolum blandulella,Southern Groundling
Caryocolum tricolorella,Three-colour Groundling
Caryocolum junctella,Confluent Groundling
Caryocolum huebneri,Hedge Groundling
Caryocolum kroesmanniella,Scarce Groundling
Teleiodes vulgella,Common Groundling
Teleiodes wagae,Hazel Groundling
Teleiodes luculella,Crescent Groundling
Teleiodes flavimaculella,Chestnut Groundling
Teleiodes sequax,Barred Groundling
Teleiopsis diffinis,Large Groundling
Carpatolechia decorella,Winter Oak Groundling
Carpatolechia fugitivella,Elm Groundling
Carpatolechia alburnella,Suffused Groundling
Carpatolechia notatella,Sallow-leaf Groundling
Carpatolechia proximella,Black-speckled Groundling
Pseudotelphusa scalella,Black-spotted Groundling
Pseudotelphusa paripunctella,Tawny Groundling
Xenolechia aethiops,Moorland Groundling
Altenia scriptella,Horse-shoe Groundling
Recurvaria nanella,Brindled Groundling
Recurvaria leucatella,White-barred Groundling
Coleotechnites piceaella,Spruce Groundling
Exoteleia dodecella,Pine Groundling
Stenolechia gemmella,Black-dotted Groundling
Parachronistis albiceps,Wood Groundling
Batrachedra praeangusta,Poplar Cosmet
Batrachedra pinicolella,Pine Cosmet
Batrachedra parvulipunctella,Reed Cosmet
Augasma aeratella,Knotgrass Case-bearer
Coleophora lutarea,Stitchwort Case-bearer
Coleophora limoniella,Silver-streaked Case-bearer
Coleophora albella,Viviparous Case-bearer
Coleophora lutipennella,Common Oak Case-bearer
Coleophora gryphipennella,Rose Case-bearer
Coleophora flavipennella,Tipped Oak Case-bearer
Coleophora adjectella,Southern Case-bearer
Coleophora milvipennis,Buff Birch Case-bearer
Coleophora alnifoliae,Brown Alder Case-bearer
Coleophora badiipennella,Pale Elm Case-bearer
Coleophora limosipennella,Dark Elm Case-bearer
Coleophora siccifolia,Grey Birch Case-bearer
Coleophora coracipennella,Blackthorn Case-bearer
Coleophora serratella,Common Case-bearer
Apple & Plum Case-bearer,Apple and Plum Case-bearer
Coleophora prunifoliae,New Sloe Case-bearer
Coleophora hydrolapathella,Water-dock Case-bearer
Coleophora trigeminella,Scarce Thorn Case-bearer
Coleophora fuscocuprella,Hazel Case-bearer
Coleophora arctostaphyli,Bearberry Case-bearer
Coleophora lusciniaepennella,Osier Case-bearer
Coleophora idaeella,Scotch Case-bearer
Coleophora vitisella,Northern Case-bearer
Coleophora glitzella,Rannoch Case-bearer
Coleophora violacea,Violet Case-bearer
Coleophora potentillae,Shaded Case-bearer
Coleophora juncicolella,Least Case-bearer
Coleophora orbitella,Pale Birch Case-bearer
Coleophora binderella,Grey Alder Case-bearer
Coleophora ahenella,Buckthorn Case-bearer
Coleophora albitarsella,White-legged Case-bearer
Large Clover Case-bearer,Large Clover Case-bearer
Coleophora frischella,Small Clover Case-bearer
Clover Case-bearer,Clover Case-bearer
Coleophora conyzae,Spikenard Case-bearer
Coleophora calycotomella,Coleophora calycotomella
Coleophora lineolea,Woundwort Case-bearer
Coleophora hemerobiella,Black-stigma Case-bearer
Coleophora lithargyrinella,Sandy Case-bearer
Coleophora genistae,Penny-whin Case-bearer
Coleophora saturatella,Broom Case-bearer
Coleophora niveicostella,Drab Case-bearer
Coleophora discordella,Lotus Case-bearer
Coleophora chalcogrammella,Pointed Case-bearer
Coleophora deauratella,Red-clover Case-bearer
Coleophora amethystinella,Coast Green Case-bearer
Coleophora mayrella,Meadow Case-bearer
Pistol Case-bearer,Pistol Case-bearer
Coleophora albidella,White Sallow Case-bearer
Coleophora kuehnella,White Oak Case-bearer
Coleophora ibipennella,Forest Case-bearer
Coleophora betulella,White Birch Case-bearer
Coleophora currucipennella,Scarce Wood Case-bearer
Coleophora pyrrhulipennella,Ling Case-bearer
Coleophora serpylletorum,Cliff Case-bearer
Coleophora vibicigerella,Essex Case-bearer
Coleophora conspicuella,Knapweed Case-bearer
Coleophora vibicella,Large Gold Case-bearer
Coleophora ochrea,Large Buff Case-bearer
Coleophora lixella,Downland Case-bearer
Coleophora tricolor,Basil-thyme Case-bearer
Coleophora albicosta,Gorse Case-bearer
Coleophora vulnerariae,Lost Case-bearer
Coleophora pennella,Bugloss Case-bearer
Larch Case-bearer,Larch Case-bearer
Coleophora antennariella,Oxford Case-bearer
Coleophora adjunctella,Saltern-rush Case-bearer
Coleophora caespititiella,Buff Rush Case-bearer
Coleophora tamesis,Jointed-rush Case-bearer
Coleophora glaucicolella,Grey Rush Case-bearer
Coleophora otidipennella,Wood-rush Case-bearer
Coleophora alticolella,Common Rush Case-bearer
Coleophora taeniipennella,Small Rush Case-bearer
Coleophora salinella,Sea-purslane Case-bearer
Coleophora sylvaticella,Hereford Case-bearer
Coleophora lassella,Toad-rush Case-bearer
Coleophora maritimella,Sea-rush Case-bearer
Coleophora aestuariella,Buff Blite Case-bearer
Coleophora virgaureae,Golden-rod Case-bearer
Coleophora therinella,Black-bindweed Case-bearer
Coleophora asteris,Sea-aster Case-bearer
Coleophora saxicolella,Orache Case-bearer
Coleophora sternipennella,Speckled Case-bearer
Coleophora squamosella,Surrey Case-bearer
Coleophora versurella,Pale Orache Case-bearer
Coleophora vestianella,Eastern Case-bearer
Coleophora atriplicis,Saltmarsh Case-bearer
Coleophora pappiferella,Burren Case-bearer
Coleophora artemisicolella,Mugwort Case-bearer
Coleophora deviella,Grey Blite Case-bearer
Coleophora galbulipennella,Kent Case-bearer
Coleophora peribenanderi,Pale Thistle Case-bearer
Coleophora ramosella,Daisy Case-bearer
Coleophora trochilella,Verge Case-bearer
Coleophora gardesanella,Small Streaked Case-bearer
Coleophora linosyridella,Estuarine Case-bearer
Coleophora inulae,Fleabane Case-bearer
Coleophora striatipennella,Hedge Case-bearer
Coleophora solitariella,Ochreous Case-bearer
Coleophora albicans,Wormwood Case-bearer
Coleophora argentula,Yarrow Case-bearer
Coleophora follicularis,Agrimony Case-bearer
Coleophora adspersella,Dusted Case-bearer
Coleophora nutantella,Campion Case-bearer
Coleophora paripennella,Dark Thistle Case-bearer
Coleophora clypeiferella,Body-marked Case-bearer
Coleophora salicorniae,Glasswort Case-bearer
Coleophora wockeella,Betony Case-bearer
Perittia obscurepunctella,Honeysuckle Dwarf
Perittia farinella,Dover Dwarf
Stephensia brunnichella,Basil Dwarf
Elachista argentella,Swan-feather Dwarf
Elachista triatomea,Meadow Dwarf
Elachista collitella,Pembroke Dwarf
Elachista subocellea,Brown-barred Dwarf
Elachista triseriatella,Western Dwarf
Elachista cahorsensis,White Dwarf
Elachista bedellella,Grey Dwarf
Elachista littoricola,Hampshire Dwarf
Elachista obliquella,Wood Dwarf
Elachista cingillella,White-tipped Dwarf
Elachista unifasciella,Narrow-barred Dwarf
Elachista gangabella,Yellow-barred Dwarf
Elachista subalbidella,Buff Dwarf
Elachista adscitella,Oblique-barred Dwarf
Elachista bisulcella,Yellow-tipped Dwarf
Elachista regificella,Wood-rush Dwarf
Elachista geminatella,Elachista geminatella
Elachista tengstromi,Elachista tengstromi
Elachista gleichenella,Twin-barred Dwarf
Elachista biatomella,Two-dotted Dwarf
Elachista poae,Sweet-grass Dwarf
Elachista atricomella,Black-headed Dwarf
Elachista kilmunella,Moorland Dwarf
Elachista eskoi,Highland Dwarf
Elachista alpinella,Marsh Dwarf
Elachista luticomella,Yellow-headed Dwarf
Elachista albifrontella,White-headed Dwarf
Elachista nobilella,Elachista nobilella
Elachista apicipunctella,Pearled Dwarf
Elachista subnigrella,Dark Dwarf
Elachista orstadii,Scotch Dwarf
Elachista pomerana,Fen Dwarf
Elachista humilis,Obscure Dwarf
Elachista canapennella,Little Dwarf
Elachista rufocinerea,Red-brindled Dwarf
Elachista maculicerusella,Triple-spot Dwarf
Elachista trapeziella,Scarce Dwarf
Elachista cinereopunctella,Grey-spotted Dwarf
Elachista serricornis,Dusky Dwarf
Elachista scirpi,Saltern Dwarf
Elachista eleochariella,Small Bog Dwarf
Elachista utonella,Bog Dwarf
Elachista albidella,Cotton-grass Dwarf
Elachista freyerella,Broken-barred Dwarf
Elachista consortella,Field Dwarf
Elachista stabilella,Southern Dwarf
Blastodacna hellerella,Hawthorn Cosmet
Apple Pith Moth,Apple Pith Moth
Spuleria flavicaput,Yellow-headed Cosmet
Dystebenna stephensi,Oak Cosmet
Chrysoclista linneella,Lime Cosmet
Chrysoclista lathamella,Orange-blotch Cosmet
Mompha conturbatella,Large Dark Cosmet
Mompha ochraceella,Buff Cosmet
Mompha lacteella,Rust-blotch Cosmet
Mompha propinquella,Marbled Cosmet
Mompha divisella,Neat Cosmet
Mompha jurassicella,Scarce Cosmet
Mompha bradleyi,Mompha bradleyi
Mompha subbistrigella,Garden Cosmet
Mompha sturnipennella,Kentish Cosmet
Mompha epilobiella,Common Cosmet
Mompha langiella,Clouded Cosmet
Mompha miscella,Brown Cosmet
Mompha locupletella,Red Cosmet
Mompha terminella,Enchanters Cosmet
Mompha raschkiella,Little Cosmet
Blastobasis phycidella,Hampshire Dowd
Blastobasis adustella,Furness Dowd
Blastobasis lacticolella,Wakely's Dowd
Blastobasis vittata,Blastobasis vittata
Blastobasis rebeli,Blastobasis rebeli
Hypatopa binotella,Hypatopa binotella
Pachyrhabda steropodes,Pachyrhabda steropodes
Stathmopoda pedella,Alder Signal
Stathmopoda diplaspis,Stathmopoda diplaspis
Scythris fallacella,Bronze Owlet
Scythris grandipennis,Black Owlet
Scythris fuscoaenea,Brassy Owlet
Scythris picaepennis,White-dusted Owlet
Scythris crassiuscula,Copper Owlet
Scythris potentillella,Sorrel Owlet
Scythris sinensis,Kentish Owlet
Scythris limbella,Goosefoot Owlet
Scythris inspersella,Norfolk Owlet
Scythris empetrella,Ling Owlet
Scythris siccella,Least Owlet
Scythris cicadella,Sand Owlet
Twenty-plume Moth,Twenty-plume Moth
Agdistis bennetii,Saltmarsh Plume
Agdistis meridionalis,Cliff Plume
Tamarisk Plume,Tamarisk Plume
Platyptilia gonodactyla,Triangle Plume
Platyptilia calodactyla,Golden-rod Plume
Platyptilia isodactylus,Hoary Plume
Platyptilia tesseradactyla,Irish Plume
Gillmeria pallidactyla,Yarrow Plume
Gillmeria ochrodactyla,Tansy Plume
Amblyptilia acanthadactyla,Beautiful Plume
Amblyptilia punctidactyla,Brindled Plume
Stenoptilia pterodactyla,Brown Plume
Stenoptilia bipunctidactyla,Twin-spot Plume
Stenoptilia annadactyla,Small Scabious Plume
Stenoptilia islandicus,Mountain Plume
Stenoptilia millieridactyla,Saxifrage Plume
Stenoptilia pneumonanthes,Gentian Plume
Stenoptilia zophodactylus,Dowdy Plume
Cnaemidophorus rhododactyla,Rose Plume
Marasmarcha lunaedactyla,Crescent Plume
Oxyptilus pilosellae,Downland Plume
Oxyptilus parvidactyla,Small Plume
Crombrugghia distans,Breckland Plume
Crombrugghia laetus,Scarce Light Plume
Capperia britanniodactylus,Wood-sage Plume
Buckleria paludum,Marsh Plume
White Plume Moth,White Plume Moth
Porrittia galactodactyla,Spotted White Plume
Merrifieldia tridactyla,Western Thyme Plume
Merrifieldia leucodactyla,Thyme Plume
Merrifieldia baliodactylus,Dingy White Plume
Wheeleria spilodactylus,Horehound Plume
Pselnophorus heterodactyla,Short-winged Plume
Oidaematophorus lithodactyla,Dusky Plume
Hellinsia tephradactyla,Plain Plume
Hellinsia carphodactyla,Citron Plume
Hellinsia lienigianus,Wormwood Plume
Hellinsia osteodactylus,Small Golden-rod Plume
Hellinsia chrysocomae,Scarce Golden-rod Plume
Adaina microdactyla,Hemp-agrimony Plume
Common Plume,Common Plume
Emmelina argoteles,Reedbed Plume
Schreckensteinia festaliella,Bramble False-feather
Phaulernis fulviguttella,Yellow-spotted Lance-wing
Phaulernis dentella,Scale-tooth Lance-wing
Epermenia insecurella,Chalk-hill Lance-wing
Epermenia aequidentellus,Carrot Lance-wing
Epermenia chaerophyllella,Garden Lance-wing
Epermenia falciformis,Large Lance-wing
Epermenia farreni,Scarce Lance-wing
Epermenia profugella,Little Lance-wing
Anthophila fabriciana,Common Nettle-tap
Prochoreutis myllerana,Small Twitcher
Prochoreutis sehestediana,Silver-dot Twitcher
Tebenna micalis,Vagrant Twitcher
Choreutis diana,Inverness Twitcher
Apple Leaf Skeletonizer,Apple Leaf Skeletonizer
Olindia schumacherana,White-barred Twist
Isotrias rectifasciana,Hedge Shade
Sparganothis pilleriana,Long-nosed Twist
Red-barred Tortrix,Red-barred Tortrix
Epagoge grotiana,Brown-barred Twist
Paramesia gnomana,Small Straw Twist
Periclepsis cinctana,Dover Twist
Philedone gerningana,Cinquefoil Twist
Capua vulgana,Common Twist
Philedonides lunana,Heath Twist
Archips oporana,Pine Twist
Archips betulana,Norfolk Twist
Large Fruit-tree Tortrix,Large Fruit-tree Tortrix
Brown Oak Tortrix,Brown Oak Tortrix
Variegated Golden Tortrix,Variegated Golden Tortrix
Rose Tortrix,Rose Tortrix
Archips argyrospila,Fruit-tree Leaf-roller
Archips semiferanus,American Twist
Choristoneura diversana,Forest Twist
Choristoneura hebenstreitella,Great Twist
Choristoneura lafauryana,Sweet-gale Twist
Argyrotaenia ljungiana,Heather Twist
Camellia Tortrix,Camellia Tortrix
Ptycholomoides aeriferana,Larch Twist
Ptycholoma lecheana,Brindled Twist
Pandemis cinnamomeana,White-faced Twist
Chequered Fruit-tree Tortrix,Chequered Fruit-tree Tortrix
Barred Fruit-tree Tortrix,Barred Fruit-tree Tortrix
Dark Fruit-tree Tortrix,Dark Fruit-tree Tortrix
Pandemis dumetana,Thicket Twist
Syndemis musculana,Dark-barred Twist
Lozotaenia forsterana,Large Ivy Tortrix
Carnation Tortrix,Carnation Tortrix
Timothy Tortrix,Timothy Tortrix
Aphelia unitana,Northern Grey Twist
Bilberry Tortrix,Bilberry Tortrix
Clepsis senecionana,Obscure Twist
Clepsis rurinana,Pale Twist
Cyclamen Tortrix,Cyclamen Tortrix
Clepsis coriacana,Clepsis coriacana
Clepsis consimilana,Privet Twist
African Carnation Tortrix,African Carnation Tortrix
Light Brown Apple Moth,Light Brown Apple Moth
Lozotaeniodes formosana,Orange Pine Twist
Summer Fruit Tortrix,Summer Fruit Tortrix
Adoxophyes privatana,Asian Orchid Tortrix
Platynota rostrana,Platynota rostrana
Neosphaleroptera nubilana,Deep Brown Shade
Exapate congelatella,Autumnal Shade
Tortricodes alternella,Winter Shade
Eana osseana,Dotted Shade
Eana argentana,Silver Shade
Eana incanana,Bluebell Shade
Eana penziana,Large Mottled Shade
Light Grey Tortrix,Light Grey Tortrix
Grey Tortrix,Grey Tortrix
Flax Tortrix,Flax Tortrix
Cnephasia pasiuana,Meadow Shade
Cnephasia genitalana,Dover Shade
Cnephasia communana,May Shade
Cnephasia conspersana,Coast Shade
Cnephasia longana,Long-winged Shade
Cnephasia gueneana,Mediterranean Shade
Spatalistis bifasciana,Small Purple Button
Green Oak Tortrix,Green Oak Tortrix
Aleimma loeflingiana,Yellow Oak Button
Acleris holmiana,White-triangle Button
Acleris forsskaleana,Maple Button
Acleris bergmanniana,Yellow Rose Button
Acleris caledoniana,Caledonian Button
Strawberry Tortrix,Strawberry Tortrix
Acleris laterana,Dark-triangle Button
Acleris abietana,Perth Button
Acleris maccana,Marbled Button
Acleris sparsana,Ashy Button
Rhomboid Tortrix,Rhomboid Tortrix
Acleris emargana,Notch Wing Tortix
Acleris effractana,Acleris effractana
Acleris schalleriana,Viburnum Button
Acleris lorquiniana,Marsh Button
Acleris umbrana,Dark-streaked Button
Acleris cristana,Tufted Button
Garden Rose Tortrix,Garden Rose Tortrix
Acleris aspersana,Ginger Button
Acleris shepherdana,Meadow-sweet Button
Acleris hastiana,Sallow Button
Acleris permutana,Buff Button
Acleris hyemana,Heath Button
Acleris ferrugana,Rusty Oak Button
Acleris notana,Rusty Birch Button
Acleris kochiella,Elm Button
Acleris logiana,Grey Birch Button
Acleris literana,Lichen Button
Acleris lipsiana,Northern Button
Acleris rufana,Sweet-gale Button
Eulia ministrana,Brassy Twist
Pseudargyrotoza conwagana,Yellow-spot Twist
Phtheochroa inopiana,Plain Conch
Phtheochroa schreibersiana,Scarce Gold Conch
Phtheochroa sodaliana,Buckthorn Conch
Phtheochroa rugosana,Rough-winged Conch
Hysterophora maculosana,Bluebell Conch
Cochylimorpha straminea,Straw Conch
Cochylimorpha alternana,Kentish Conch
Phalonidia gilvicomana,Wall-lettuce Conch
Phalonidia curvistrigana,Golden-rod Conch
Phalonidia manniana,Water-mint Conch
Phalonidia affinitana,Large Saltmarsh Conch
Gynnidomorpha luridana,Bank Conch
Gynnidomorpha vectisana,Small Saltern Conch
Gynnidomorpha minimana,Fen Conch
Gynnidomorpha permixtana,Coast Conch
Gynnidomorpha alismana,Water-plantain Conch
Agapeta hamana,Common Yellow Conch
Agapeta zoegana,Knapweed Conch
Eupoecilia angustana,Marbled Conch
Vine Moth,Vine Moth
Commophila aeneana,Orange Conch
Aethes hartmanniana,Scabious Conch
Aethes piercei,Devil's-bit Conch
Aethes williana,Silver Carrot Conch
Aethes margarotana,Shore Conch
Aethes margaritana,Silver Coast Conch
Aethes rutilana,Juniper Conch
Aethes smeathmanniana,Yarrow Conch
Aethes tesserana,Downland Conch
Aethes dilucidana,Short-barred Yellow Conch
Aethes beatricella,Hemlock Yellow Conch
Aethes francillana,Long-barred Yellow Conch
Aethes cnicana,Thistle Conch
Aethes rubigana,Burdock Conch
Cochylidia rupicola,Hemp-agrimony Conch
Cochylidia subroseana,Dingy Roseate Conch
Cochylidia heydeniana,Blue-fleabane Conch
Cochylidia implicitana,Chamomile Conch
Cochylis nana,Birch Conch
Cochylis roseana,Rosy Conch
Cochylis flaviciliana,Gold-fringed Conch
Cochylis hybridella,White-bodied Conch
Cochylis dubitana,Little Conch
Cochylis molliculana,Ox-tongue Conch
Cochylis atricapitana,Black-headed Conch
Cochylis pallidana,Sheep's-bit Conch
Falseuncaria degreyana,Breckland Conch
Falseuncaria ruficiliana,Red-fringed Conch
Eudemis porphyrana,Apple Marble
Eudemis profundana,Diamond-back Marble
Pseudosciaphila branderiana,Great Marble
Apotomis semifasciana,Short-barred Marble
Apotomis infida,Rannoch Marble
Apotomis lineana,Willow Marble
Apotomis turbidana,White-shouldered Marble
Apotomis betuletana,Birch Marble
Apotomis capreana,Sallow Marble
Apotomis sororculana,Narrow-winged Marble
Apotomis sauciana,Bilberry Marble
Orthotaenia undulana,Woodland Marble
Hedya salicella,White-backed Marble
Marbled Orchard Tortrix,Marbled Orchard Tortrix
Plum Tortrix,Plum Tortrix
Hedya ochroleucana,Buff-tipped Marble
Hedya atropunctana,Shoulder-spot Marble
Celypha rufana,Lakes Marble
Celypha striana,Barred Marble
Celypha rosaceana,Roseate Marble
Celypha rurestrana,Hawkweed Marble
Celypha cespitana,Thyme Marble
Celypha woodiana,Mistletoe Marble
Celypha lacunana,Common Marble
Celypha rivulana,Silver-striped Marble
Celypha doubledayana,Scarce Fen Marble
Celypha aurofasciana,Moss Marble
Phiaris obsoletana,Mountain Marble
Phiaris metallicana,Highland Marble
Phiaris schulziana,Large Marble
Phiaris micana,Olive Marble
Phiaris palustrana,Northern Marble
Pristerognatha penthinana,Balsam Marble
Plumbeous Spruce Tortrix,Plumbeous Spruce Tortrix
Argyroploce arbutella,Bearberry Marble
Stictea mygindiana,Cowberry Marble
Olethreutes arcuella,Arched Marble
Piniphila bifasciana,Pine Marble
Lobesia occidentis,Spurge Marble
European Vine Moth,European Vine Moth
Lobesia abscisana,Smoky-barred Marble
Lobesia reliquana,Oak Marble
Lobesia littoralis,Shore Marble
Endothenia gentianaeana,Teasel Marble
Endothenia oblongana,Downland Marble
Endothenia marginana,Bordered Marble
Endothenia pullana,Woundwort Marble
Endothenia ustulana,Bugle Marble
Endothenia nigricostana,Black-edged Marble
Endothenia ericetana,Heath Marble
Endothenia quadrimaculana,Blotched Marble
Bactra lancealana,Rush Marble
Bactra furfurana,Mottled Marble
Bactra lacteana,Scarce Sedge Marble
Bactra robustana,Saltern Marble
Eucosmomorpha albersana,Honeysuckle Bell
Cherry-bark Moth,Cherry Bark Tortrix
Ancylis unguicella,Broken-barred Roller
Ancylis uncella,Bridge Roller
Ancylis laetana,Aspen Roller
Ancylis obtusana,Small Buckthorn Roller
Ancylis comptana,Little Roller
Ancylis upupana,Dark Roller
Ancylis geminana,Festooned Roller
Ancylis subarcuana,Creeping Willow Roller
Ancylis diminutana,Small Festooned Roller
Ancylis unculana,Buckthorn Roller
Ancylis myrtillana,Bilberry Roller
Ancylis apicella,Hook-tipped Roller
Ancylis paludana,Fen Roller
Ancylis badiana,Common Roller
Ancylis achatana,Triangle-marked Roller
Ancylis mitterbacheriana,Red Roller
Ancylis tineana,Rannoch Roller
Eriopsela quadrana,Four-spot Bell
Thiodia citrana,Lemon Bell
Rhopobota myrtillana,Bilberry Bell
Rhopobota stagnana,Downland Bell
Rhopobota ustomaculana,Northern Bell
Holly Tortrix,Holly Tortrix
Bud Moth,Bud Moth
Spilonota laricana,Larch-bud Moth
Acroclita subsequana,Coast Spurge Bell
Gibberifera simplana,Least Shoot
Epinotia sordidana,Brown Alder Bell
Epinotia caprana,Large Sallow Bell
Epinotia trigonella,White-blotch Bell
Epinotia brunnichana,Large Birch Bell
Epinotia maculana,Dark Aspen Bell
Epinotia solandriana,Variable Bell
Epinotia abbreviana,Brown Elm Bell
Epinotia nemorivaga,Bearberry Bell
Epinotia granitana,Epinotia granitana
Epinotia signatana,Black-brindled Bell
Willow Tortrix,Willow Tortrix
Epinotia mercuriana,Moorland Bell
Epinotia immundana,Common Birch Bell
Epinotia crenana,Highland Bell
Epinotia nanana,Small Spruce Bell
Epinotia demarniana,Birch Bell
Epinotia subocellana,White Sallow Bell
Epinotia tetraquetrana,Square-barred Bell
Epinotia pygmaeana,Dingy Spruce Bell
Epinotia subsequana,Dark Spruce Bell
Nut Bud Moth,Nut Bud Moth
Epinotia ramella,Small Birch Bell
Epinotia nigricana,Fir Bell
Epinotia rubiginosana,Pine Bell
Epinotia tedella,Common Spruce Bell
Epinotia fraternana,Silver-barred Bell
Epinotia bilunana,Crescent Bell
Epinotia nisella,Grey Poplar Bell
Epinotia cinereana,Epinotia cinereana
Larch Tortrix,Larch Tortrix
Zeiraphera rufimitrana,Red-headed Bell
Zeiraphera ratzeburgiana,Spruce Bud Moth
Zeiraphera isertana,Cock's-head Bell
Crocidosema plebejana,Southern Bell
Phaneta pauperana,Scarce Rose Bell
Pelochrista caecimaculana,Chalk-hill Bell
Eucosma obumbratana,Two-coloured Bell
Eucosma cana,Hoary Belle
Eucosma hohenwartiana,Bright Bell
Eucosma fulvana,Fulvous Bell
Eucosma parvulana,Eucosma parvulana
Eucosma campoliliana,Marbled Bell
Eucosma aemulana,Obscure Bell
Eucosma rubescana,Pale Saltern Bell
Eucosma tripoliana,Saltmarsh Bell
Eucosma lacteana,Maritime Bell
Eucosma metzneriana,Mugwort Bell
Eucosma conterminana,Pale Lettuce Bell
Eucosma aspidiscana,Golden-rod Bell
Eucosma pupillana,Eyed Bell
Gypsonoma minutana,Brindled Shoot
Gypsonoma dealbana,Common Cloaked Shoot
Gypsonoma oppressana,Poplar Shoot
Gypsonoma sociana,White Cloaked Shoot
Gypsonoma nitidulana,Inverness Shoot
Gypsonoma aceriana,Rosy Cloaked Shoot
Epiblema sticticana,Colt's-foot Bell
Epiblema scutulana,Thistle Bell
Epiblema cirsiana,Knapweed Bell
Epiblema cnicicolana,Fleabane Bell
Epiblema foenella,White-foot Bell
Epiblema costipunctana,Ragwort Bell
Epiblema turbidana,Butterbur Bell
Epiblema grandaevana,Great Bell
Notocelia cynosbatella,Yellow-faced Bell
Notocelia tetragonana,Square-spot Bell
Bramble Shoot Moth,Bramble Shoot Moth
Notocelia roborana,Summer Rose Bell
Notocelia incarnatana,Chalk Rose Bell
Notocelia rosaecolana,Common Rose Bell
Notocelia trimaculana,Triple-blotched Bell
Pseudococcyx posticana,Dark Pine Shoot
Pine Bud Moth,Pine Bud Moth
Pine Resin-gall Moth,Pine Resin-gall Moth
Pine Cone Tortrix,Gravitarmata margarotana
Clavigesta sylvestrana,Small Pine Shoot
Pine Leaf-mining Moth,Pine Leaf-mining Moth
Pine Shoot Moth,Pine Shoot Moth
Rhyacionia pinicolana,Orange-spotted Shoot
Spotted Shoot Moth,Spotted Shoot Moth
Elgin Shoot Moth,Elgin Shoot Moth
Dichrorampha plumbana,Lead-coloured Drill
Dichrorampha sedatana,Dingy Drill
Dichrorampha aeratana,Obscure Drill
Dichrorampha consortana,Downland Drill
Dichrorampha acuminatana,Sharp-winged Drill
Dichrorampha sylvicolana,Sneezewort Drill
Dichrorampha simpliciana,Round-winged Drill
Dichrorampha sequana,Square-spot Drill
Dichrorampha senectana,Dark Drill
Dichrorampha vancouverana,Gold-fringed Drill
Dichrorampha flavidorsana,Narrow-blotch Drill
Dichrorampha alpinana,Broad-blotch Drill
Dichrorampha petiverella,Common Drill
Dichrorampha plumbagana,Silver-lined Drill
Dichrorampha montanana,Spike-marked Drill
Pea Moth,Pea Moth
Cydia ulicetana,Grey Gorse Piercer
Alfalfa Moth,Alfalfa Moth
Cydia microgrammana,Rest-harrow Piercer
Cydia cognatana,Highland Piercer
Cydia illutana,Larch Piercer
Cydia conicolana,Pine-cone Piercer
Cydia corollana,Aspen-shoot Piercer
Cydia coniferana,Pine-bark Piercer
Cydia indivisa,Cydia indivisa
Cydia cosmophorana,Scarce Pine Piercer
Cydia strobilella,Spruce Seed Moth
Cydia pactolana,Scarce Spruce Piercer
Cydia millenniana,Breckland Piercer
Codling Moth,Codling Moth
Cydia servillana,Sallow-shoot Piercer
Cydia leguminana,Eastern Piercer
Cydia splendana,Marbled Piercer
Jumping Bean Moth,Jumping Bean Moth
Cydia fagiglandana,Large Beech Piercer
Cydia injectiva,American Cone-piercer
Cydia amplana,Vagrant Piercer
False Codling Moth,False Codling Moth
Cydia inquinatana,Cydia inquinatana
Lathronympha strigana,Red Piercer
Selania leplastriana,Cabbage Piercer
Grapholita compositella,Triple-stripe Piercer
Grapholita pallifrontana,Liquorice Piercer
Grapholita internana,Dark Gorse Piercer
Grapholita caecana,Sainfoin Piercer
Grapholita lunulana,Northern Crescent Piercer
Grapholita orobana,Crescent Piercer
Grapholita gemmiferana,Isle of Wight Piercer
Grapholita jungiella,Vetch Piercer
Oriental Fruit Moth,Oriental Fruit Moth
Grapholita lathyrana,Greenweed Piercer
Grapholita lobarzewskii,Kent Fruit Piercer
Plum Fruit Moth,Plum Fruit Moth
Grapholita tenebrosana,Deep-brown Piercer
Grapholita janthinana,Pale-bordered Piercer
Pammene splendidulana,Drab Oak Piercer
Pammene ignorata,Devon Piercer
Pammene giganteana,Early Oak Piercer
Pammene argyrana,Black-bordered Piercer
Pammene suspectana,Ash-bark Piercer
Pammene albuginana,Blotched Piercer
Pammene obscurana,Obscure Birch Piercer
Pammene fasciana,Acorn Piercer
Pammene herrichiana,Beech-mast Piercer
Pammene agnotana,Guildford Piercer
Pammene luedersiana,Inverness Piercer
Fruitlet Mining Tortrix,Fruitlet Mining Tortrix
Pammene populana,Pigmy Y Piercer
Pammene spiniana,Triangle-marked Piercer
Pammene trauniana,Maple Piercer
Pammene regiana,Regal Piercer
Pammene aurita,Sycamore Piercer
Pammene germmana,Black Piercer
Pammene ochsenheimeriana,Black-patch Piercer
Pammene aurana,Orange-spot Piercer
Pammene gallicana,Purple-shaded Piercer
Strophedra weirana,Little Beech Piercer
Strophedra nitidana,Little Oak Piercer
Goat Moth,Goat Moth
Leopard Moth,Leopard Moth
Reed Leopard,Reed Leopard
Palm Moth,Palm Moth
Raspberry Clearwing,Raspberry Clearwing
Hornet Moth,Hornet Moth
Lunar Hornet Moth,Lunar Hornet Moth
Dusky Clearwing,Dusky Clearwing
Welsh Clearwing,Welsh Clearwing
White-barred Clearwing,White-barred Clearwing
Large Red-belted Clearwing,Large Red-belted Clearwing
Red-tipped Clearwing,Red-tipped Clearwing
Sallow Clearwing,Sallow Clearwing
Orange-tailed Clearwing,Orange-tailed Clearwing
Red-belted Clearwing,Red-belted Clearwing
Yellow-legged Clearwing,Yellow-legged Clearwing
Currant Clearwing,Currant Clearwing
Six-belted Clearwing,Six-belted Clearwing
Fiery Clearwing,Fiery Clearwing
Thrift Clearwing,Thrift Clearwing
The Festoon,Festoon
The Triangle,Triangle
Scarce Forester,Scarce Forester
The Forester,Forester
Cistus Forester,Cistus Forester
Transparent Burnet,Transparent Burnet
Slender Scotch Burnet,Slender Scotch Burnet
Scotch Burnet,Scotch Burnet
New Forest Burnet,New Forest Burnet
Six-Spot Burnet,Six-spot Burnet
Narrow-bordered Five-spot Burnet,Narrow-bordered Five-spot Burnet
Five-Spot Burnet,Five-spot Burnet
Bee Moth,Bee Moth
Aphomia zelleri,Twin-spot Honey
Stored Nut Moth,Stored Nut Moth
Rice Moth,Rice Moth
Lesser Wax Moth,Lesser Wax Moth
Wax Moth,Wax Moth
Cryptoblabes bistriga,Double-striped Knot-horn
Cryptoblabes gnidiella,Pomegranate Moth
Salebriopsis albicilla,Lime Knot-horn
Elegia fallax,Elegia fallax
Elegia similella,White-barred Knot-horn
Ortholepis betulae,Birch Knot-horn
Matilella fusca,Brown Knot-horn
Moitrelia obductella,Kent Knot-horn
Pempeliella ornatella,Ornate Knot-horn
Delplanqueia dilutella,Powdered Knot-horn
Delplanqueia inscriptella,Delplanqueia inscriptella
Sciota hostilis,Scarce Aspen Knot-horn
Sciota adelphella,Willow Knot-horn
Sciota rhenella,Sciota rhenella
Selagia argyrella,Silvery Knot-horn
Pima boisduvaliella,Silver-edged Knot-horn
Etiella zinckenella,Legume Knot-horn
Oncocera semirubella,Rosy-striped Knot-horn
Pempelia genistella,Gorse Knot-horn
Pempelia palumbella,Heather Knot-horn
Rhodophaea formosa,Beautiful Knot-horn
Dioryctria sylvestrella,New Pine Knot-horn
Dioryctria schuetzeella,Spruce Knot-horn
Dioryctria simplicella,Brown Pine Knot-horn
Dioryctria abietella,Dark Pine Knot-horn
Phycita roborella,Dotted Oak Knot-horn
Hypochalcia ahenella,Dingy Knot-horn
Epischnia asteris,Samphire Knot-horn
Nephopterix angustella,Spindle Knot-horn
Mussidia nigrivenella,Black-veined Knot-horn
Acrobasis tumidana,Scarce Oak Knot-horn
Acrobasis repandana,Warted Knot-horn
Acrobasis advenella,Grey Knot-horn
Acrobasis suavella,Thicket Knot-horn
Acrobasis marmorea,Marbled Knot-horn
Acrobasis consociella,Broad-barred Knot-horn
Apomyelois bistriatella,Heath Knot-horn
Locust Bean Moth,Locust Bean Moth
Eurhodope cirrigerella,Hairy Knot-horn
Thistle Ermine,Thistle Ermine
Gymnancyla canella,Hoary Knot-horn
Ancylodes pallens,Pale Knot-horn
Zophodia grossulariella,Gooseberry Knot-horn
Eccopisa effractella,Royal Knot-horn
Assara terebrella,Dark Spruce Knot-horn
Euzophera pinguis,Ash-bark Knot-horn
Euzophera bigella,Peach Knot-horn
Euzophera osseatella,Potato Knot-horn
Euzophera cinerosella,Wormwood Knot-horn
Nyctegretis lineana,Agate Knot-horn
Ancylosis cinnamomella,Ancylosis cinnamomella
Ancylosis oblitella,Saltmarsh Knot-horn
Homoeosoma sinuella,Twin-barred Knot-horn
Homoeosoma nebulella,Large Clouded Knot-horn
Homoeosoma nimbella,Scarce Clouded Knot-horn
Phycitodes maritima,Chalk Knot-horn
Phycitodes binaevella,Ermine Knot-horn
Phycitodes saxicola,Small Clouded Knot-horn
Vitula edmandsii,Honey-comb Knot-horn
Vitula biviella,Pine-blossom Knot-horn
Indian Meal Moth,Indian Meal Moth
Mediterranean Flour Moth,Mediterranean Flour Moth
Cacao Moth,Cacao Moth
Ephestia unicolorella,Ephestia unicolorella
Raisin Moth,Raisin Moth
Dried Currant Moth,Dried Currant Moth
Dried Fruit Moth,Dried Fruit Moth
Anerastia lotella,Sandhill Knot-horn
Synaphe punctalis,Long-legged Tabby
Pyralis lienigialis,Scarce Tabby
Painted Meal Moth,Painted Meal Moth
Pyralis manihotalis,Tropical Tabby
Meal Moth,Meal Moth
Tea Tabby,Tea Tabby
Aglossa ocellalis,Ringed Tabby
Small Tabby,Small Tabby
Large Tabby,Large Tabby
Gold Triangle,Gold Triangle
Hypsopygia glaucinalis,Double-striped Tabby
Endotricha consobrinalis,Mediterranean Tabby
Endotricha flammealis,Rosy Tabby
Paracorsia repandalis,Scarce Straw Pearl
Loxostege sticticalis,Diamond-spot Sable
Pyrausta cingulata,Silver-barred Sable
Pyrausta sanguinalis,Scarce Crimson & Gold
Pyrausta despicata,Straw-barred Pearl
Pyrausta aurata,Small Purple & Gold
Pyrausta purpuralis,Common Purple & Gold
Pyrausta ostrinalis,Scarce Purple & Gold
Pyrausta nigrata,Wavy-barred Sable
Uresiphita gilvata,Yellow-underwing Pearl
Uresiphita reversalis,Uresiphita reversalis
Nascia cilialis,Orange-rayed Pearl
Sitochroa palealis,Sulphur Pearl
Sitochroa verticalis,Lesser Pearl
Anania fuscalis,Cinerous Pearl
Anania lancealis,Long-winged Pearl
Anania coronata,Spotted Magpie
Anania stachydalis,Woundwort Pearl
Anania perlucidalis,Fenland Pearl
Anania terrealis,Golden-rod Pearl
Anania crocealis,Ochreous Pearl
Anania verbascalis,Golden Pearl
Anania funebris,White-spotted Sable
Small Magpie,Small Magpie
Sclerocona acutellus,Thatch Pearl
Psammotis pulveralis,Scarce Marsh Pearl
European Corn-borer,European Corn-borer
Bordered Pearl,Bordered Pearl
Paratalanta hyalinalis,Translucent Pearl
Rusty Dot Pearl,Rusty Dot
Udea fulvalis,Fulvous Pearl
Udea lutealis,Pale Straw Pearl
Udea prunalis,Dusky Pearl
Udea uliginosalis,Mountain Pearl
Udea decrepitalis,Scotch Pearl
Udea olivalis,Olive Pearl
Mother of Pearl,Mother of Pearl
Pleuroptya aegrotalis,African Pearl
Mecyna flavalis,Yellow Pearl
Mecyna asinalis,Coastal Pearl
Agrotera nemoralis,Beautiful Pearl
Diplopseustis perieresalis,Diplopseustis perieresalis
Diasemia accalis,Diasemia accalis
Diasemia reticularis,Lettered China-mark
Diasemiopsis ramburialis,Vagrant China-mark
Mung Moth,Mung Moth
Duponchelia fovealis,Dark Marbled Tabby
Spoladea recurvalis,Maize Moth
Palpita vitrealis,Olive-tree Pearl
Hodebertia testalis,Hodebertia testalis
Diaphania indica,Melonworm
Dolicharthria punctalis,Long-legged China-mark
Antigastra catalaunalis,Spanish Dot
Rush Veneer,Rush Veneer
Leucinodes vagans,Leucinodes vagans
Leucinodes orbonalis,Aubergine Pearl
Sceliodes laisalis,African Tomato Pearl
Nomophila nearctica,American Rush Veneer
Box-tree Moth,Boxworm
Grass Webworm,Grass Webworm
Cynaeda dentalis,Starry Pearl
Garden Pebble,Garden Pebble
Evergestis extimalis,Marbled Yellow Pearl
Evergestis limbata,Dark Bordered Pearl
Evergestis pallidata,Chequered Pearl
Old World Webworm,Old World Webworm
Scoparia subfusca,Large Grey
Scoparia basistrigalis,Base-lined Grey
Scoparia ambigualis,Common Grey
Scoparia ancipitella,Northern Grey
Scoparia pyralella,Meadow Grey
Eudonia lacustrata,Little Grey
Eudonia murana,Moorland Grey
Eudonia angustea,Narrow-winged Grey
Eudonia alpina,Highland Grey
Eudonia lineola,White-line Grey
Eudonia delunella,Pied Grey
Eudonia truncicolella,Ground-moss Grey
Eudonia mercurella,Small Grey
Eudonia pallida,Marsh Grey
Euchromius ocellea,Eyed Veneer
Euchromius cambridgei,Euchromius cambridgei
Chilo phragmitella,Reed Veneer
Friedlanderia cicatricella,Club-rush Veneer
Calamotropha paludella,Bulrush Veneer
Chrysoteuchia culmella,Garden Grass-veneer
Crambus pascuella,Inlaid Grass-veneer
Crambus silvella,Wood Grass-veneer
Crambus uliginosellus,Marsh Grass-veneer
Crambus ericella,Heath Grass-veneer
Crambus pratella,Scarce Grass-veneer
Crambus lathoniellus,Hook-streak Grass-veneer
Crambus hamella,Dark Grass-veneer
Crambus perlella,Satin Grass-veneer
Crambus leucoschalis,African Grass-veneer
Agriphila tristella,Common Grass-veneer
Agriphila inquinatella,Barred Grass-veneer
Agriphila latistria,White-streak Grass-veneer
Agriphila selasella,Pale-streak Grass-veneer
Agriphila straminella,Straw Grass-veneer
Agriphila poliellus,Grey Grass-veneer
Agriphila geniculea,Elbow-stripe Grass-veneer
Catoptria permutatellus,Scotch Grass-veneer
Catoptria osthelderi,False Scotch Grass-veneer
Catoptria speculalis,Narrow-barred Grass-veneer
Catoptria pinella,Pearl Grass-veneer
Catoptria margaritella,Silver-stripe Grass-veneer
Catoptria furcatellus,Northern Grass-veneer
Catoptria falsella,Chequered Grass-veneer
Catoptria verellus,Marbled Grass-veneer
Catoptria lythargyrella,Yellow Grass-veneer
Chrysocrambus linetella,Orange-bar Grass-veneer
Chrysocrambus craterella,Dusky Grass-veneer
Thisanotia chrysonuchella,Powdered Grass-veneer
Pediasia fascelinella,Banded Grass-veneer
Pediasia contaminella,Waste Grass-veneer
Pediasia aridella,Salt-marsh Grass-veneer
Platytes cerussella,Little Grass-veneer
Platytes alpinella,Hook-tipped Grass-veneer
Ancylolomia tentaculella,Scarce Striped Grass-veneer
Brown China-mark,Brown China-mark
Elophila difflualis,Asian China-mark
Cyrtogramme melagynalis,Small Asian China-mark
Elophila manilensis,Philippine China-mark
Water Veneer,Water Veneer
Small China-mark,Small China-mark
Ringed China-mark,Ringed China-mark
Nymphula diminutalis,Small Brown China-mark
Nymphula fluctuosalis,Waved China-mark
Nymphula crisonalis,Pale Asian China-mark
Parapoynx obscuralis,American China-mark
Parapoynx bilinealis,Streaked China-mark
Agassiziella angulipennis,Notched China-mark
Beautiful China-mark,Beautiful China-mark
Musotima nitidalis,Musotima nitidalis
Schoenobius gigantella,Giant Water-veneer
Donacaula forficella,Pale Water-veneer
Donacaula mucronella,Scarce Water-veneer
Scalloped Hook-tip,Scalloped Hook-tip
Oak Hook-tip,Oak Hook-tip
Barred Hook-tip,Barred Hook-tip
Dusky Hook-tip,Dusky Hook-tip
Pebble Hook-tip,Pebble Hook-tip
Scarce Hook-tip,Scarce Hook-tip
Chinese Character,Chinese Character
Peach Blossom,Peach Blossom
Buff Arches,Buff Arches
Figure of Eighty,Figure of Eighty
Poplar Lutestring,Poplar Lutestring
Satin Lutestring,Satin Lutestring
Common Lutestring,Common Lutestring
Oak Lutestring,Oak Lutestring
Frosted Green,Frosted Green
Yellow Horned,Yellow Horned
December Moth,December Moth
Pale Eggar,Pale Eggar
The Lackey,Lackey
Ground Lackey,Ground Lackey
Small Eggar,Small Eggar
Grass Eggar,Grass Eggar
Oak Eggar,Oak Eggar
Fox Moth,Fox Moth
Pine-tree Lappet,Pine-tree Lappet
The Drinker,Drinker
Small Lappet,Small Lappet
The Lappet,Lappet
Kentish Glory,Kentish Glory
Emperor Moth,Emperor Moth
Great Peacock,Great Peacock Moth
Lime Hawk-moth,Lime Hawk-moth
Eyed Hawk-moth,Eyed Hawk-moth
Poplar Hawk-moth,Poplar Hawk-moth
Convolvulus Hawk-moth,Convolvulus Hawk-moth
Pink-spotted Hawk-moth,Pink-spotted Hawk-moth
Death's-head Hawk-moth,Death's-head Hawk-moth
Five-spotted Hawk-moth,Five-spotted Hawk-moth
Tomato Sphinx,Rustic Sphinx
Manduca sexta,Tomato Sphinx
Privet Hawk-moth,Privet Hawk-moth
Wild Cherry Sphinx,Wild Cherry Sphinx
Pine Hawk-moth,Pine Hawk-moth
Narrow-bordered Bee Hawk-moth,Narrow-bordered Bee Hawk-moth
Broad-bordered Bee Hawk-moth,Broad-bordered Bee Hawk-moth
Hummingbird Hawk-moth,Humming-bird Hawk-moth
Oleander Hawk-moth,Oleander Hawk-moth
Willowherb Hawk-moth,Willowherb Hawk-moth
Spurge Hawk-moth,Spurge Hawk-moth
Bedstraw Hawk-moth,Bedstraw Hawk-moth
Mediterranean Hawk-moth,Mediterranean Hawk-moth
Seathorn Hawk-moth,Seathorn Hawk-moth
Striped Hawk-moth,Striped Hawk-moth
White-lined Hawk-moth,White-lined Hawk-moth
Elephant Hawk-moth,Elephant Hawk-moth
Small Elephant Hawk-moth,Small Elephant Hawk-moth
Silver-striped Hawk-moth,Silver-striped Hawk-moth
Ochraceous Wave,Ochraceous Wave
Purple-bordered Gold,Purple-bordered Gold
Bright Wave,Bright Wave
Least Carpet,Least Carpet
Rusty Wave,Rusty Wave
Strange Wave,Strange Wave
Silky Wave,Silky Wave
Dwarf Cream Wave,Dwarf Cream Wave
Isle of Wight Wave,Isle of Wight Wave
Small Dusty Wave,Small Dusty Wave
Satin Wave,Satin Wave
Dotted Border Wave,Dotted Border Wave
Single-dotted Wave,Single-dotted Wave
Treble Brown Spot,Treble Brown Spot
Small Fan-footed Wave,Small Fan-footed Wave
Weaver's Wave,Weaver's Wave
Small Scallop,Small Scallop
Riband Wave,Riband Wave
Portland Ribbon Wave,Portland Ribbon Wave
Plain Wave,Plain Wave
Lewes Wave,Lewes Wave
Sub-angled Wave,Sub-angled Wave
Streaked Wave,Streaked Wave
Lace Border,Lace Border
Tawny Wave,Tawny Wave
Mullein Wave,Mullein Wave
Small Blood-vein,Small Blood-vein
Lesser Cream Wave,Lesser Cream Wave
Smoky Wave,Smoky Wave
Cream Wave,Cream Wave
Rosy Wave,Rosy Wave
Blood-vein,Blood-vein
Dingy Mocha,Dingy Mocha
The Mocha,Mocha
Birch Mocha,Birch Mocha
Blair's Mocha,Blair's Mocha
Jersey Mocha,Jersey Mocha
False Mocha,False Mocha
Maiden's Blush,Maiden's Blush
Clay Triple-lines,Clay Triple-lines
The Vestal,Vestal
Oblique Striped,Oblique Striped
Lead Belle,Lead Belle
July Belle,July Belle
Spanish Carpet,Spanish Carpet
Chalk Carpet,Chalk Carpet
Fortified Carpet,Fortified Carpet
Shaded Broad-bar,Shaded Broad-bar
Oblique Carpet,Oblique Carpet
The Gem,Gem
Red Carpet,Red Carpet
Garden Carpet,Garden Carpet
Balsam Carpet,Balsam Carpet
Red Twin-spot Carpet,Red Twin-spot Carpet
Dark-barred Twin-spot Carpet,Dark-barred Twin-spot Carpet
Flame Carpet,Flame Carpet
Silver-ground Carpet,Silver-ground Carpet
Large Twin-spot Carpet,Large Twin-spot Carpet
Royal Mantle,Royal Mantle
Ruddy Carpet,Ruddy Carpet
The Many-lined,Many-lined
The Traveller,Traveller
Yellow Shell,Yellow Shell
Small Argent & Sable,Small Argent & Sable
Common Carpet,Common Carpet
Wood Carpet,Wood Carpet
Galium Carpet,Galium Carpet
Cloaked Carpet,Cloaked Carpet
Sharp-angled Carpet,Sharp-angled Carpet
Shoulder Stripe,Shoulder Stripe
The Streamer,Streamer
Beautiful Carpet,Beautiful Carpet
Dark Spinach,Dark Spinach
The Mallow,Mallow
Yellow-ringed Carpet,Yellow-ringed Carpet
Grey Mountain Carpet,Grey Mountain Carpet
White-banded Carpet,White-banded Carpet
July Highflyer,July Highflyer
May Highflyer,May Highflyer
Ruddy Highflyer,Ruddy Highflyer
Pine Carpet,Pine Carpet
Chestnut-coloured Carpet,Chestnut-coloured Carpet
Spruce Carpet,Spruce Carpet
Grey Pine Carpet,Grey Pine Carpet
Juniper Carpet,Juniper Carpet
Cypress Carpet,Cypress Carpet
Blue-bordered Carpet,Blue-bordered Carpet
Barred Yellow,Barred Yellow
Broken-barred Carpet,Broken-barred Carpet
Purple Bar,Purple Bar
Netted Carpet,Netted Carpet
The Phoenix,Phoenix
The Chevron,Chevron
Northern Spinach,Northern Spinach
The Spinach,Spinach
Barred Straw,Barred Straw
Small Phoenix,Small Phoenix
Red-green Carpet,Red-green Carpet
Autumn Green Carpet,Autumn Green Carpet
Arran Carpet,Arran Carpet
Common Marbled Carpet,Common Marbled Carpet
Dark Marbled Carpet,Dark Marbled Carpet
Beech-green Carpet,Beech-green Carpet
Green Carpet,Green Carpet
Mottled Grey,Mottled Grey
Striped Twin-spot Carpet,Striped Twin-spot Carpet
Water Carpet,Water Carpet
Devon Carpet,Devon Carpet
Northern Winter Moth,Northern Winter Moth
Winter Moth,Winter Moth
November Moth,November Moth
Pale November Moth,Pale November Moth
Autumnal Moth,Autumnal Moth
Small Autumnal Moth,Small Autumnal Moth
Small White Wave,Small White Wave
Dingy Shell,Dingy Shell
Waved Carpet,Waved Carpet
Small Yellow Wave,Small Yellow Wave
Welsh Wave,Welsh Wave
Blomer's Rivulet,Blomer's Rivulet
Drab Looper,Drab Looper
Brown Scallop,Brown Scallop
Dark Umber,Dark Umber
Argent & Sable,Argent and Sable
Scallop Shell,Scallop Shell
Scarce Tissue,Scarce Tissue
The Tissue,Tissue
Barberry Carpet,Barberry Carpet
Slender-striped Rufous,Slender-striped Rufous
Small Waved Umber,Small Waved Umber
The Fern,Fern
Pretty Chalk Carpet,Pretty Chalk Carpet
Dentated Pug,Dentated Pug
Chimney Sweeper,Chimney Sweep
Twin-spot Carpet,Twin-spot Carpet
The Rivulet,Rivulet
Small Rivulet,Small Rivulet
Barred Rivulet,Barred Rivulet
Heath Rivulet,Heath Rivulet
Pretty Pinion,Pretty Pinion
Grass Rivulet,Grass Rivulet
Sandy Carpet,Sandy Carpet
Barred Carpet,Barred Carpet
Marsh Carpet,Marsh Carpet
Double-striped Pug,Double-striped Pug
The V-Pug,V-pug
Sloe Pug,Sloe Pug
Green Pug,Green Pug
Bilberry Pug,Bilberry Pug
Haworth's Pug,Haworth's Pug
Slender Pug,Slender Pug
Maple Pug,Maple Pug
Cloaked Pug,Cloaked Pug
Toadflax Pug,Toadflax Pug
Foxglove Pug,Foxglove Pug
Channel Islands Pug,Channel Islands Pug
Lead-coloured Pug,Lead-coloured Pug
Marsh Pug,Marsh Pug
Netted Pug,Netted Pug
Brindled Pug,Brindled Pug
Epping Pug,Epping Pug
Oak-tree Pug,Oak-tree Pug
Juniper Pug,Juniper Pug
Cypress Pug,Cypress Pug
White-spotted Pug,White-spotted Pug
Golden-rod Pug,Golden-rod Pug
Dwarf Pug,Dwarf Pug
Larch Pug,Larch Pug
Pauper Pug,Fletcher's Pug
Pimpinel Pug,Pimpinel Pug
Plain Pug,Plain Pug
Goosefoot Pug,Goosefoot Pug
Narrow-winged Pug,Narrow-winged Pug
Angle-barred Pug,Angle-barred Pug
Ash Pug,Ash Pug
Marbled Pug,Marbled Pug
Ochreous Pug,Ochreous Pug
Thyme Pug,Thyme Pug
Lime-speck Pug,Lime-speck Pug
Pinion-spotted Pug,Pinion-spotted Pug
Triple-spotted Pug,Triple-spotted Pug
Freyer's Pug,Eupithecia intricata
Satyr Pug,Satyr Pug
Scarce Pug,Scarce Pug
Wormwood Pug,Wormwood Pug
Bleached Pug,Bleached Pug
Valerian Pug,Valerian Pug
Currant Pug,Currant Pug
Common Pug,Common Pug
Mottled Pug,Mottled Pug
Campanula Pug,Eupithecia denotata
Yarrow Pug,Yarrow Pug
Tawny Speckled Pug,Tawny Speckled Pug
Bordered Pug,Bordered Pug
Shaded Pug,Shaded Pug
Grey Pug,Grey Pug
Manchester Treble-bar,Manchester Treble-bar
Treble-bar,Treble-bar
Lesser Treble-bar,Lesser Treble-bar
Purple Treble-bar,Purple Treble-bar
The Streak,Streak
Broom-tip,Broom-tip
Grey Carpet,Grey Carpet
The Seraphim,Seraphim
Small Seraphim,Small Seraphim
Yellow-barred Brindle,Yellow-barred Brindle
Barred Tooth-striped,Barred Tooth-striped
Early Tooth-striped,Early Tooth-striped
Orange Underwing,Orange Underwing
Light Orange Underwing,Light Orange Underwing
The Magpie,Magpie Moth
Clouded Magpie,Clouded Magpie
Clouded Border,Clouded Border
Scorched Carpet,Scorched Carpet
Ringed Border,Ringed Border
Dorset Cream Wave,Dorset Cream Wave
Peacock Moth,Peacock Moth
Sharp-angled Peacock,Sharp-angled Peacock
Dusky Peacock,Dusky Peacock
Tawny-barred Angle,Tawny-barred Angle
The V-Moth,V-moth
Netted Mountain Moth,Netted Mountain Moth
Rannoch Looper,Rannoch Looper
Latticed Heath,Latticed Heath
Tamarisk Peacock,Tamarisk Peacock
Frosted Yellow,Frosted Yellow
Little Thorn,Little Thorn
Brown Silver-line,Brown Silver-line
Barred Umber,Barred Umber
Scorched Wing,Scorched Wing
Horse Chestnut,Horse Chestnut Moth
Brimstone Moth,Brimstone Moth
Bordered Beauty,Bordered Beauty
Dark Bordered Beauty,Dark Bordered Beauty
Speckled Yellow,Speckled Yellow
Orange Moth,Orange Moth
Lilac Beauty,Lilac Beauty
Large Thorn,Large Thorn
August Thorn,August Thorn
Canary-shouldered Thorn,Canary-shouldered Thorn
Dusky Thorn,Dusky Thorn
September Thorn,September Thorn
Ennomos subsignaria,Ennomos subsignaria
Early Thorn,Early Thorn
Lunar Thorn,Lunar Thorn
Purple Thorn,Purple Thorn
Scalloped Hazel,Scalloped Hazel
Scalloped Oak,Scalloped Oak
Dusky Scalloped Oak,Dusky Scalloped Oak
Swallow-tailed Moth,Swallow-tailed Moth
Feathered Thorn,Feathered Thorn
March Moth,March Moth
Small Brindled Beauty,Small Brindled Beauty
Pale Brindled Beauty,Pale Brindled Beauty
Brindled Beauty,Brindled Beauty
Rannoch Brindled Beauty,Rannoch Brindled Beauty
Belted Beauty,Belted Beauty
Oak Beauty,Oak Beauty
Peppered Moth,Peppered Moth
Spring Usher,Spring Usher
Scarce Umber,Scarce Umber
Dotted Border,Dotted Border
Mottled Umber,Mottled Umber
Waved Umber,Waved Umber
Willow Beauty,Willow Beauty
Olive-tree Beauty,Olive-tree Beauty
Feathered Beauty,Feathered Beauty
Lydd Beauty,Lydd Beauty
Bordered Grey,Bordered Grey
Ringed Carpet,Ringed Carpet
Satin Beauty,Satin Beauty
Mottled Beauty,Mottled Beauty
Dotted Carpet,Dotted Carpet
Great Oak Beauty,Great Oak Beauty
Pale Oak Beauty,Pale Oak Beauty
Speckled Beauty,Speckled Beauty
The Engrailed,Engrailed/Small Engrailed
Square Spot,Square Spot
Brindled White-spot,Brindled White-spot
Grey Birch,Grey Birch
Common Heath,Common Heath
Bordered White,Bordered White
Common White Wave,Common White Wave
Common Wave,Common Wave
White-pinion Spotted,White-pinion Spotted
Clouded Silver,Clouded Silver
Sloe Carpet,Sloe Carpet
Early Moth,Early Moth
Light Emerald,Light Emerald
Barred Red,Barred Red
Scotch Annulet,Scotch Annulet
Irish Annulet,Gnophos dumetata hibernica
The Annulet,Annulet
Brussels Lace,Brussels Lace
Black Mountain Moth,Black Mountain Moth
Common Forest Looper,Common Forest Looper
Black-veined Moth,Black-veined Moth
Grey Scalloped Bar,Grey Scalloped Bar
Straw Belle,Straw Belle
Yellow Belle,Yellow Belle
Grass Wave,Grass Wave
Rest Harrow,Rest Harrow
Grass Emerald,Grass Emerald
Jersey Emerald,Jersey Emerald
Large Emerald,Large Emerald
Blotched Emerald,Blotched Emerald
Essex Emerald,Essex Emerald
Small Emerald,Small Emerald
Little Emerald,Little Emerald
Sussex Emerald,Sussex Emerald
Common Emerald,Common Emerald
Blackberry Looper,Blackberry Looper
Small Grass Emerald,Small Grass Emerald
Oak Processionary,Oak Processionary
Pine Processionary,Pine Processionary
Puss Moth,Puss Moth
Sallow Kitten,Sallow Kitten
Alder Kitten,Alder Kitten
Poplar Kitten,Poplar Kitten
Tawny Prominent,Tawny Prominent
Lobster Moth,Lobster Moth
Marbled Brown,Marbled Brown
Lunar Marbled Brown,Lunar Marbled Brown
Iron Prominent,Iron Prominent
Pebble Prominent,Pebble Prominent
Large Dark Prominent,Large Dark Prominent
Three-humped Prominent,Three-humped Prominent
Great Prominent,Great Prominent
Swallow Prominent,Swallow Prominent
Lesser Swallow Prominent,Lesser Swallow Prominent
White Prominent,White Prominent
Pale Prominent,Pale Prominent
Coxcomb Prominent,Coxcomb Prominent
Maple Prominent,Maple Prominent
Scarce Prominent,Scarce Prominent
Plumed Prominent,Plumed Prominent
Buff-tip,Buff-tip
Dusky Marbled Brown,Dusky Marbled Brown
Chocolate-tip,Chocolate-tip
Small Chocolate-tip,Small Chocolate-tip
Scarce Chocolate-tip,Scarce Chocolate-tip
The Herald,Herald
Angled Gem,Angled Gem
Straw Dot,Straw Dot
Orodesma apicina,Orodesma apicina
The Snout,Snout
Buttoned Snout,Buttoned Snout
Paignton Snout,Paignton Snout
Bloxworth Snout,Bloxworth Snout
Beautiful Snout,Beautiful Snout
Black Snout,Black Snout
Black V Moth,Black-v Moth
White Satin Moth,White Satin Moth
Black Arches,Black Arches
Gypsy Moth,Gypsy Moth
Brown-tail,Brown-tail
Yellow-tail,Yellow-tail
Reed Tussock,Reed Tussock
Pale Tussock,Pale Tussock
Dark Tussock,Dark Tussock
The Vapourer,Vapourer
Scarce Vapourer,Scarce Vapourer
Buff Ermine,Buff Ermine
White Ermine,White Ermine
Water Ermine,Water Ermine
Autumn Webworm,Autumn Webworm
Muslin Moth,Muslin Moth
Clouded Buff,Clouded Buff
Ruby Tiger,Ruby Tiger
Wood Tiger,Wood Tiger
Satin Stowaway,Satin Stowaway
Antichloris eriphia,Banana Stowaway
The Docker,Docker
Garden Tiger,Garden Tiger
Cream-spot Tiger,Cream-spot Tiger
The Basker,Basker
Isabelline Tiger,Isabelline Tiger
Patton's Tiger,Patton's Tiger
Hypercompe scribonia,Hypercompe scribonia
Scarlet Tiger,Scarlet Tiger
Jersey Tiger,Jersey Tiger
The Cinnabar,Cinnabar
Speckled Footman,Speckled Footman
Feathered Footman,Feathered Footman
Crimson Speckled,Crimson Speckled
Beautiful Utetheisa,Beautiful Utetheisa
Halysidota moeschleri,Halysidota moeschleri
The Nine-spotted,Nine-spotted
The Handmaid,Handmaid
Rosy Footman,Rosy Footman
Muslin Footman,Muslin Footman
Round-winged Muslin,Round-winged Muslin
Four-dotted Footman,Four-dotted Footman
Dotted Footman,Dotted Footman
Small Dotted Footman,Small Dotted Footman
Four-spotted Footman,Four-spotted Footman
Red-necked Footman,Red-necked Footman
Buff Footman,Buff Footman
Dingy Footman,Dingy Footman
Common Footman,Common Footman
Scarce Footman,Scarce Footman
Northern Footman,Eilema complana form sericea
Hoary Footman,Hoary Footman
Pigmy Footman,Eilema pygmaeola
Orange Footman,Orange Footman
Dew Moth,Dew Footman
Eudryas staejohannis,Eudryas staejohannis
Clay Fan-foot,Clay Fan-foot
Dotted Fan-foot,Dotted Fan-foot
The Fan-foot,Fan-foot
Shaded Fan-foot,Shaded Fan-foot
Small Fan-foot,Small Fan-foot
Common Fan-foot,Common Fan-foot
Plumed Fan-foot,Plumed Fan-foot
Jubilee Fan-foot,Jubilee Fan-foot
Dusky Fan-foot,Dusky Fan-foot
Marsh Oblique-barred,Marsh Oblique-barred
Pinion-streaked Snout,Pinion-streaked Snout
White-line Snout,White-line Snout
The Blackneck,Blackneck
Scarce Blackneck,Scarce Blackneck
Levant Blackneck,Levant Blackneck
Waved Black,Waved Black
Small Purple-barred,Small Purple-barred
Lesser Belle,Lesser Belle
Beautiful Hook-tip,Beautiful Hook-tip
Olive Crescent,Olive Crescent
Scarce Marbled,Scarce Marbled
Purple Marbled,Purple Marbled
Small Marbled,Small Marbled
Beautiful Marbled,Beautiful Marbled
Oak Yellow Underwing,Oak Yellow Underwing
Clifden Nonpareil,Clifden Nonpareil
Minsmere Crimson Underwing,Minsmere Crimson Underwing
Red Underwing,Red Underwing
Rosy Underwing,Rosy Underwing
French Red Underwing,French Red Underwing
Dark Crimson Underwing,Dark Crimson Underwing
Diphthera festiva,Diphthera festiva
Great Kidney,Great Kidney
Light Crimson Underwing,Light Crimson Underwing
Burnet Companion,Burnet Companion
Mother Shipton,Mother Shipton
The Alchymist,Alchymist
Lunar Double-stripe,Lunar Double-stripe
The Passenger,Passenger
Pandesma robusta,Pandesma robusta
Trent Double-stripe,Trent Double-stripe
The Geometrician,Geometrician
The Spectacle,Spectacle
Dark Spectacle,Dark Spectacle
The Ni Moth,Ni Moth
Slender Burnished Brass,Slender Burnished Brass
Scar Bank Gem,Scar Bank Gem
Accent Gem,Accent Gem
Streaked Plusia,Streaked Plusia
Golden Twin-spot,Golden Twin-spot
Tunbridge Wells Gem,Tunbridge Wells Gem
Dewick's Plusia,Dewick's Plusia
Scarce Burnished Brass,Scarce Burnished Brass
Burnished Brass,Burnished Brass
Purple-shaded Gem,Purple-shaded Gem
Golden Plusia,Golden Plusia
Silver Y,Silver Y
Beautiful Golden Y,Beautiful Golden Y
Plain Golden Y,Plain Golden Y
Gold Spangle,Gold Spangle
Stephens' Gem,Stephen's Gem
Essex Y,Essex Y
Scarce Silver Y,Scarce Silver Y
Soybean Looper,Soybean Looper
Gold Spot,Gold Spot
Lempke's Gold Spot,Lempke's Gold Spot
Marbled White Spot,Marbled White Spot
Pretty Marbled,Pretty Marbled
Silver Hook,Silver Hook
Silver Barred,Silver Barred
The Nun,Nun
Pale Shoulder,Pale Shoulder
Spotted Sulphur,Spotted Sulphur
Sorcerer,Sorcerer
The Druid,The Druid
The Four-spotted,Four-spotted
Nut-tree Tussock,Nut-tree Tussock
Marbled Tuffet,Marbled Tuffet
Figure of Eight,Figure of Eight
The Brother,Brother
Scarce Merveille du Jour,Scarce Merveille du Jour
Reed Dagger,Reed Dagger
Alder Moth,Alder Moth
Dark Dagger,Dark Dagger
Grey Dagger,Grey Dagger
The Sycamore,Sycamore
The Miller,Miller
Marsh Dagger,Marsh Dagger
Light Knot Grass,Light Knot Grass
Scarce Dagger,Scarce Dagger
Sweet Gale Moth,Sweet Gale Moth
Knot Grass,Knot Grass
Poplar Grey,Poplar Grey
The Coronet,Coronet
Small Yellow Underwing,Small Yellow Underwing
The Goldwing,Goldwing
The Wormwood,Wormwood
Scarce Wormwood,Scarce Wormwood
The Shark,Shark
Chamomile Shark,Chamomile Shark
The Cudweed,Cudweed
Star-wort,Star-wort
Water Betony,Water Betony
Striped Lychnis,Striped Lychnis
The Mullein,Mullein
Toadflax Brocade,Toadflax Brocade
Antirrhinum Brocade,Antirrhinum Brocade
The Anomalous,Anomalous
Copper Underwing,Copper Underwing
Svensson's Copper Underwing,Svensson's Copper Underwing
Mouse Moth,Mouse Moth
Copipanolis styracis,Copipanolis styracis
The Sprawler,Sprawler
Rannoch Sprawler,Rannoch Sprawler
Double-spot Brocade,Double-spot Brocade
Green-brindled Crescent,Green-brindled Crescent
Early Grey,Early Grey
Bordered Sallow,Bordered Sallow
Spotted Clover,Spotted Clover
Marbled Clover,Marbled Clover
Shoulder-striped Clover,Shoulder-striped Clover
Bordered Straw,Bordered Straw
Eastern Bordered Straw,Eastern Bordered Straw
Scarce Bordered Straw,Scarce Bordered Straw
Pease Blossom,Pease Blossom
Reddish Buff,Reddish Buff
Silvery Gem,Silvery Gem
The Latin,Latin
Latreille's Latin,Latreille's Latin
Tree-lichen Beauty,Tree-lichen Beauty
Marbled Grey,Marbled Grey
Marbled Beauty,Marbled Beauty
Marbled Green,Marbled Green
Shining Marbled,Shining Marbled
Small Mottled Willow,Small Mottled Willow
Dark Mottled Willow,Dark Mottled Willow
Mediterranean Brocade,Mediterranean Brocade
Southern Army Leafworm,Southern Armyworm
Asian Cotton Leafworm,Asian Cotton Leafworm
Rosy Marbled,Rosy Marbled
Mottled Rustic,Mottled Rustic
Clancy's Rustic,Clancy's Rustic
Lorimer's Rustic,Lorimer's Rustic
Pale Mottled Willow,Pale Mottled Willow
The Uncertain,Uncertain
The Rustic,Rustic
Powdered Rustic,Powdered Rustic
Vine's Rustic,Vine's Rustic
Silky Wainscot,Silky Wainscot
Treble Lines,Treble Lines
Brown Rustic,Brown Rustic
Marsh Moth,Marsh Moth
Porter's Rustic,Porter's Rustic
Bird's Wing,Bird's Wing
Orache Moth,Orache Moth
Old Lady,Old Lady
Guernsey Underwing,Guernsey Underwing
Straw Underwing,Straw Underwing
The Saxon,Saxon
Purple Cloud,Purple Cloud
Pale-shouldered Cloud,Pale-shouldered Cloud
Angle Shades,Angle Shades
Small Angle Shades,Small Angle Shades
The Berber,Berber
Burren Green,Burren Green
The Cameo,Cameo
Haworth's Minor,Haworth's Minor
The Crescent,Crescent
Dusky Sallow,Dusky Sallow
Frosted Orange,Frosted Orange
Fisher's Estuarine Moth,Fisher's Estuarine Moth
Rosy Rustic,Rosy Rustic
The Butterbur,Butterbur
Marsh Mallow Moth,Marsh Mallow Moth
Saltern Ear,Saltern Ear
Large Ear,Large Ear
Ear Moth,Ear Moth
Crinan Ear,Crinan Ear
Dumeril's Rustic,Dumeril's Rustic
Flounced Rustic,Flounced Rustic
Sandhill Rustic,Sandhill Rustic
Scarce Arches,Scarce Arches
Large Wainscot,Large Wainscot
Blair's Wainscot,Blair's Wainscot
Bulrush Wainscot,Bulrush Wainscot
Fen Wainscot,Fen Wainscot
Lyme Grass,Lyme Grass
Twin-spotted Wainscot,Twin-spotted Wainscot
White-mantled Wainscot,White-mantled Wainscot
Brown-veined Wainscot,Brown-veined Wainscot
Small Rufous,Small Rufous
Brighton Wainscot,Brighton Wainscot
Small Wainscot,Small Wainscot
Mere Wainscot,Mere Wainscot
Least Minor,Least Minor
Small Dotted Buff,Small Dotted Buff
Morris's Wainscot,Photedes morrisii
The Concolorous,Concolorous
Fenn's Wainscot,Fenn's Wainscot
Webb's Wainscot,Webb's Wainscot
Rush Wainscot,Rush Wainscot
Union Rustic,Union Rustic
Dusky Brocade,Dusky Brocade
Clouded Brindle,Clouded Brindle
Clouded-bordered Brindle,Clouded-bordered Brindle
Large Nutmeg,Large Nutmeg
Rustic Shoulder-knot,Rustic Shoulder-knot
Small Clouded Brindle,Small Clouded Brindle
Slender Brindle,Slender Brindle
Crescent Striped,Crescent Striped
Dark Arches,Dark Arches
Light Arches,Light Arches
Reddish Light Arches,Reddish Light Arches
The Confused,Confused
Scarce Brindle,Scarce Brindle
The Exile/Northern Arches,Northern Arches or Exile
Double Lobed,Double Lobed
Common Rustic,Common Rustic
Lesser Common Rustic,Lesser Common Rustic
Rosy Minor,Rosy Minor
Cloaked Minor,Cloaked Minor
Marbled Minor,Marbled Minor
Tawny Marbled Minor,Tawny Marbled Minor
Rufous Minor,Rufous Minor
Middle-barred Minor,Middle-barred Minor
Beautiful Gothic,Beautiful Gothic
Orange Sallow,Orange Sallow
Barred Sallow,Barred Sallow
Pink-barred Sallow,Pink-barred Sallow
The Sallow,Sallow
Dusky-lemon Sallow,Dusky-lemon Sallow
Pale-lemon Sallow,Pale-lemon Sallow
Pale Stigma,Pale Stigma
Beaded Chestnut,Beaded Chestnut
Brown-spot Pinion,Brown-spot Pinion
Flounced Chestnut,Flounced Chestnut
Red-line Quaker,Red-line Quaker
Yellow-line Quaker,Yellow-line Quaker
Southern Chestnut,Southern Chestnut
The Brick,Brick
Lunar Underwing,Lunar Underwing
The Chestnut,Chestnut
Dark Chestnut,Dark Chestnut
Black-spotted Chestnut,Black-spotted Chestnut
Dotted Chestnut,Dotted Chestnut
Red-headed Chestnut,Red-headed Chestnut
Orange Upperwing,Orange Upperwing
Tawny Pinion,Tawny Pinion
Pale Pinion,Pale Pinion
Grey Shoulder-knot,Grey Shoulder-knot
The Conformist,Conformist
Softly's Shoulder-knot,Softly's Shoulder-knot
The Nonconformist,Nonconformist
Blair's Shoulder-knot,Blair's Shoulder-knot
Golden-rod Brindle,Golden-rod Brindle
Sword-grass,Sword-grass
Red Sword-grass,Red Sword-grass
The Satellite,Satellite
Angle-striped Sallow,Angle-striped Sallow
Double Kidney,Double Kidney
The Olive,Olive
White-spotted Pinion,White-spotted Pinion
Lesser-spotted Pinion,Lesser-spotted Pinion
The Dun-bar,Dun-bar
Lunar-spotted Pinion,Lunar-spotted Pinion
Heart Moth,Heart Moth
Centre-barred Sallow,Centre-barred Sallow
Minor Shoulder-knot,Minor Shoulder-knot
The Suspected,Suspected
Dingy Shears,Dingy Shears
Oak Rustic,Oak Rustic
Merveille du Jour,Merveille du Jour
Brindled Green,Brindled Green
Southern Brindled Green,Southern Brindled Green
Sombre Brocade,Sombre Brocade
Grey Chi,Grey Chi
Flame Brocade,Flame Brocade
Feathered Brindle,Feathered Brindle
Deep-brown Dart,Deep-brown Dart
Northern Deep-brown Dart,Northern Deep-brown Dart
Black Rustic,Black Rustic
Brindled Ochre,Brindled Ochre
Feathered Ranunculus,Feathered Ranunculus
Black-banded,Black-banded
Large Ranunculus,Large Ranunculus
Dark Brocade,Dark Brocade
Bedrule Brocade,Bedrule Brocade
Beautiful Arches,Beautiful Arches
Pine Beauty,Pine Beauty
Clouded Drab,Clouded Drab
Blossom Underwing,Blossom Underwing
Common Quaker,Common Quaker
Small Quaker,Small Quaker
Lead-coloured Drab,Lead-coloured Drab
Powdered Quaker,Powdered Quaker
Northern Drab,Northern Drab
Hebrew Character,Hebrew Character
Twin-spotted Quaker,Twin-spotted Quaker
Silver Cloud,Silver Cloud
Hedge Rustic,Hedge Rustic
Feathered Gothic,Feathered Gothic
Antler Moth,Antler Moth
The Nutmeg,Nutmeg
Broad-bordered White Underwing,Broad-bordered White Underwing
Beautiful Yellow Underwing,Beautiful Yellow Underwing
Small Dark Yellow Underwing,Small Dark Yellow Underwing
Pale Shining Brown,Pale Shining Brown
Silvery Arches,Silvery Arches
Grey Arches,Grey Arches
Lacinipolia laudabilis,Lacinipolia laudabilis
Feathered Ear,Feathered Ear
Light Brocade,Light Brocade
Pale-shouldered Brocade,Pale-shouldered Brocade
Beautiful Brocade,Beautiful Brocade
Dog's Tooth,Dog's Tooth
Bright-line Brown-eye,Bright-line Brown-eye
Splendid Brocade,Splendid Brocade
The Stranger,Stranger
Dot Moth,Dot Moth
Broom Moth,Broom Moth
Glaucous Shears,Glaucous Shears
The Shears,Shears
Cabbage Moth,Cabbage Moth
White Colon,White Colon
The Campion,Campion
Bordered Gothic,Bordered Gothic
Barrett's Marbled Coronet,Barrett's Marbled Coronet
Broad-barred White,Broad-barred White
Small Ranunculus,Small Ranunculus
The Lychnis,Lychnis
Varied Coronet,Varied Coronet
Marbled Coronet,Marbled Coronet
White Spot,White Spot
The Grey,Grey
Tawny Shears,Tawny Shears
Viper's Bugloss,Viper's Bugloss
Double Line,Double-line
Striped Wainscot,Striped Wainscot
Brown-line Bright-eye,Brown-line Bright-eye
Common Wainscot,Common Wainscot
Mathew's Wainscot,Mathew's Wainscot
Smoky Wainscot,Smoky Wainscot
Southern Wainscot,Southern Wainscot
The Delicate,Delicate
White-speck,American Wainscot
White-point,White-point
The Clay,Clay
Shore Wainscot,Shore Wainscot
L-album Wainscot,L-album Wainscot
Shoulder-striped Wainscot,Shoulder-striped Wainscot
Obscure Wainscot,Obscure Wainscot
Devonshire Wainscot,Devonshire Wainscot
The Cosmopolitan,Cosmopolitan
Flame Wainscot,Flame Wainscot
The Silurian,Silurian
Xanthopastis timais,Xanthopastis timais
Kew Arches,Kew Arches
Pearly Underwing,Pearly Underwing
Portland Moth,Portland Moth
Eversmann's Rustic,Eversmann's Rustic
Black Collar,Black Collar
Coast Dart,Coast Dart
Square-spot Dart,Square-spot Dart
White-line Dart,White-line Dart
Garden Dart,Garden Dart
Gothic Dart,Gothic Dart
Great Dart,Great Dart
Light Feathered Rustic,Light Feathered Rustic
Heart & Dart,Heart & Dart
Woods's Dart,Wood's Dart
Turnip Moth,Turnip Moth
Heart & Club,Heart & Club
Spalding's Dart,Spalding's Dart
Archer's Dart,Archer's Dart
Sand Dart,Sand Dart
Crescent Dart,Crescent Dart
Shuttle-shaped Dart,Shuttle-shaped Dart
Grouville Dart,Agrotis catalaunensis
Dark Sword-grass,Dark Sword-grass
Agrotis deprivata,Agrotis deprivata
The Flame,Flame
Flame Shoulder,Flame Shoulder
Radford's Flame Shoulder,Radford's Flame Shoulder
Barred Chestnut,Barred Chestnut
Purple Clay,Purple Clay
Ingrailed Clay,Ingrailed Clay
Small Square-spot,Small Square-spot
Fen Square-spot,Fen Square-spot
Red Chestnut,Red Chestnut
White-marked,White-marked
True Lover's Knot,True Lover's Knot
Dotted Rustic,Dotted Rustic
Southern Rustic,Southern Rustic
Northern Rustic,Northern Rustic
Large Yellow Underwing,Large Yellow Underwing
Broad-bordered Yellow Underwing,Broad-bordered Yellow Underwing
Lunar Yellow Underwing,Lunar Yellow Underwing
Lesser Yellow Underwing,Lesser Yellow Underwing
Least Yellow Underwing,Least Yellow Underwing
Langmaid's Yellow Underwing,Langmaid's Yellow Underwing
Lesser Broad-bordered Yellow Underwing,Lesser Broad-bordered Yellow Underwing
Stout Dart,Stout Dart
Great Brocade,Great Brocade
Double Dart,Double Dart
Green Arches,Green Arches
Dotted Clay,Dotted Clay
Square-spotted Clay,Square-spotted Clay
Neglected Rustic,Neglected Rustic
Heath Rustic,Heath Rustic
Square-spot Rustic,Square-spot Rustic
Six-striped Rustic,Six-striped Rustic
Setaceous Hebrew Character,Setaceous Hebrew Character
Triple-spotted Clay,Triple-spotted Clay
Double Square-spot,Double-square Spot
Ashworth's Rustic,Ashworth's Rustic
Northern Dart,Northern Dart
Rosy Marsh Moth,Rosy Marsh Moth
Autumnal Rustic,Autumnal Rustic
Plain Clay,Plain Clay
Cousin German,Cousin German
The Gothic,Gothic
Small Black Arches,Small Black Arches
Kent Black Arches,Kent Black Arches
Short-cloaked Moth,Short-cloaked Moth
Least Black Arches,Least Black Arches
Scarce Black Arches,Scarce Black Arches
Jersey Black Arches,Jersey Black Arches
Scarce Silver-lines,Scarce Silver-lines
Green Silver-lines,Green Silver-lines
Oak Nycteoline,Oak Nycteoline
Eastern Nycteoline,Eastern Nycteoline
Cream-bordered Green Pea,Cream-bordered Green Pea
Egyptian Bollworm,Egyptian Bollworm
Spiny Bollworm,Spiny Bollworm
Earias vittella,Earias vittella
Grey Square,Grey Square
Stigmella aurella form nitens,False Golden Pigmy
Stigmella poterii form tengstroemi,Highland Pigmy
Stigmella poterii form serella,Tormentil Pigmy
Canephora hirsuta,Hairy Sweep
Thyridopteryx ephemeraeformis,Thyridopteryx ephemeraeformis
Euplocamus anthracinalis,Black Clothes
Bucculatrix artemisiella,Wormwood Bent-wing
Caloptilia hauderi,Yellow-blotch Slender
Phyllonorycter cydoniella,Red Apple Midget
Depressaria emeritella,Tansy Flat-body
Bryotropha figulella,Suffolk Groundling
Scrobipalpa salicorniae,Sea-aster Groundling
Sophronia humerella,Wormwood Sober
Auximobasis normalis,Liverpool Dowd
Eugnosta lathoniana,Silver-blotched Conch
Clepsis trileucana,White-triangle Tortrix
Clepsis melaleucanus,American Apple Tortrix
Lozotaenia subocellana,Lozotaenia subocellana
Thiodia torridana,Thiodia torridana
Metaxmeste phrygialis,Black Mountain Pearl
Udea alpinalis,Cumberland Pearl
Herpetogramma centrostrigalis,Herpetogramma centrostrigalis
Stenoptilia gallobritannidactyla,Snap-dragon Plume
Moorland Clouded Yellow,Moorland Clouded Yellow
Middle Lace Border,Middle Lace Border
Large Lace Border,Large Lace Border
Purple-barred Yellow,Purple-barred Yellow
Cumbrian Umber,Cumbrian Umber
Doubleday's Pug,Doubleday's Pug
Light Magpie,Light Magpie
Dingy Angle,Dingy Angle
White Spot,White Spot
Clouded August Thorn,Clouded August Thorn
Dusky Carpet,Dusky Carpet
Local Long-tailed Satin,Local Long-tailed Satin
Gregson's Dart,Gregson's Dart
Tawny Shoulder,Tawny Shoulder
Kidney-spotted Minor,Kidney-spotted Minor
Green Silver-spangled Shark,Green Silver-spangled Shark
Lettuce Shark,Lettuce Shark
False Water Betony,False Water Betony
Ash Shoulder-knot,Ash Shoulder-knot
Green-brindled Dot,Green-brindled Dot
Large Dagger,Large Dagger
Cumberland Gem,Cumberland Gem
Remm's Rustic,Remm's Rustic
Scarce Meal-moth,Scarce Meal-moth
Brixton Beauty,Brixton Beauty
Sallow Nycteoline,Sallow Nycteoline
Double-spotted Spangle,Double-spotted Spangle
The Double-barred,Double-barred
The Triple-barred,Triple-barred
Autumnal Snout,Autumnal Snout
Waved Tabby,Waved Tabby
Twin-striped Tabby,Twin-striped Tabby
Box-tree Moth,Box-tree Moth
White-speck,White-speck
Freyer's Pug,Freyer's Pug
Marbled Minor agg.,Marbled Minor agg.
Footman Agg.,Footman Agg.
November Moth agg.,November Moth agg.
Pug Agg.,Pug Agg.
November Moth agg.,November Moth agg.
Copper Underwing agg.,Copper Underwing agg.
Ear Moth agg.,Ear Moth agg.
Common Rustic agg.,Common Rustic agg.
Grey/Dark Dagger,Grey/Dark Dagger
Uncertain/Rustic,Uncertain/Rustic
Wainscot Agg.,Common Wainscot
Rufous Minor Agg.,Marbled Minor agg.
